Date,LastTransaction,Max,Min,Avg,%Prom,Amount,BEST,Total
08.11.2024,"85.001,00","85.001,00","85.001,00","85.001,00","-0,84",10.0,850.010,850.010
07.11.2024,"85.700,00","85.750,00","85.700,00","85.725,00","0,34",4.0,342.900,342.900
06.11.2024,"85.500,00","85.500,00","85.000,00","85.436,17","-0,07",47.0,4.015.500,4.015.500
05.11.2024,"85.499,00","85.500,00","85.499,00","85.499,50","0,00",4.0,341.998,33.661.998
04.11.2024,"85.500,00","85.500,00","85.499,00","85.499,91","0,00",11.0,940.499,940.499
01.11.2024,"85.500,00","85.500,00","85.500,00","85.500,00","0,59",15.0,1.282.500,1.282.500
31.10.2024,"85.000,00","85.000,00","85.000,00","85.000,00","0,57",754.0,64.090.000,64.090.000
30.10.2024,"84.401,00","85.000,00","84.401,00","84.521,57","0,03",14.0,1.183.302,1.183.302
29.10.2024,"84.500,00","84.501,00","84.500,00","84.500,12","-0,70",8.0,676.001,676.001
28.10.2024,"85.500,00","85.500,00","85.000,00","85.100,00","-0,25",5.0,425.500,425.500
25.10.2024,"85.500,00","85.500,00","85.000,00","85.313,88","-0,13",59.0,5.033.519,5.033.519
24.10.2024,"85.500,00","85.500,00","85.000,00","85.428,57","0,53",7.0,598.000,598.000
22.10.2024,"84.500,00","85.000,00","84.500,00","84.979,12","-0,02",24.0,2.039.499,2.039.499
21.10.2024,"85.000,00",,,"85.000,00","0,00",0.0,0,0
18.10.2024,"85.000,00","85.000,00","85.000,00","85.000,00","-0,35",2.0,170.000,170.000
17.10.2024,"85.000,00","85.500,00","85.000,00","85.300,24","-0,24",45.0,3.838.511,3.838.511
16.10.2024,"85.500,00","85.550,00","85.500,00","85.503,12","-0,57",16.0,1.368.050,1.368.050
15.10.2024,"85.990,00","85.990,00","85.990,00","85.990,00","0,11",1.0,85.990,85.990
14.10.2024,"85.900,00","85.900,00","85.899,00","85.899,56","0,00",9.0,773.096,773.096
10.10.2024,"85.900,00","85.900,00","85.900,00","85.900,00","-0,12",3.0,257.700,257.700
09.10.2024,"86.000,00",,,"85.999,93","0,00",0.0,0,0
08.10.2024,"86.000,00",,,"85.999,93","0,00",0.0,0,0
07.10.2024,"86.000,00","86.000,00","85.998,00","85.999,93","0,00",105.0,9.029.993,9.029.993
04.10.2024,"85.999,00","86.000,00","85.999,00","85.999,33","-0,05",3.0,257.998,257.998
03.10.2024,"86.000,00","86.500,00","86.000,00","86.043,63","-0,53",35.0,3.011.527,3.011.527
02.10.2024,"86.500,00",,,"86.500,00","0,00",0.0,0,0
01.10.2024,"86.500,00","86.500,00","86.500,00","86.500,00","-0,46",24.0,2.076.000,2.076.000
30.9.2024,"86.898,00","86.900,00","86.898,00","86.899,50","-0,11",14.0,1.216.593,1.216.593
27.9.2024,"86.990,00",,,"86.993,44","0,00",0.0,0,0
26.9.2024,"86.990,00","87.000,00","86.990,00","86.993,44","-0,01",32.0,2.783.790,2.783.790
25.9.2024,"87.000,00","87.000,00","87.000,00","87.000,00","0,00",53.0,4.611.000,4.611.000
24.9.2024,"87.000,00","87.000,00","87.000,00","87.000,00","0,00",19.0,1.653.000,1.653.000
23.9.2024,"87.001,00","87.001,00","87.000,00","87.000,10","0,00",10.0,870.001,870.001
20.9.2024,"87.000,00",,,"87.000,00","0,00",0.0,0,0
19.9.2024,"87.000,00","87.000,00","87.000,00","87.000,00","0,00",4.0,348.000,348.000
18.9.2024,"87.000,00",,,"87.000,00","0,00",0.0,0,0
17.9.2024,"87.000,00",,,"87.000,00","0,00",0.0,0,0
16.9.2024,"87.000,00","87.000,00","87.000,00","87.000,00","-0,21",2.0,174.000,174.000
13.9.2024,"87.200,00","87.250,00","87.100,00","87.180,92","0,15",13.0,1.133.352,1.133.352
12.9.2024,"87.050,00",,,"87.050,03","0,00",0.0,0,0
11.9.2024,"87.050,00","87.051,00","87.050,00","87.050,03","0,00",37.0,3.220.851,3.220.851
10.9.2024,"87.050,00","87.050,00","87.050,00","87.050,00","-0,46",1.0,87.050,87.050
06.9.2024,"87.051,00","87.501,00","87.051,00","87.450,78","0,52",9.0,787.057,787.057
05.9.2024,"87.001,00","87.001,00","87.001,00","87.001,00","-1,60",10.0,870.010,870.010
04.9.2024,"88.000,00","88.500,00","88.000,00","88.416,67","-0,66",12.0,1.061.000,1.061.000
03.9.2024,"88.999,00",,,"88.999,69","0,00",0.0,0,0
02.9.2024,"88.999,00","89.000,00","88.999,00","88.999,69","0,01",16.0,1.423.995,1.423.995
30.8.2024,"89.000,00","89.000,00","88.950,00","88.994,23","0,18",26.0,2.313.850,2.313.850
29.8.2024,"88.500,00","89.000,00","88.500,00","88.833,33","-0,19",6.0,533.000,533.000
27.8.2024,"89.000,00","89.000,00","89.000,00","89.000,00","0,00",41.0,3.649.000,3.649.000
26.8.2024,"89.000,00","89.000,00","89.000,00","89.000,00","0,00",11.0,979.000,979.000
23.8.2024,"88.999,00","88.999,00","88.999,00","88.999,00","0,91",4.0,355.996,355.996
22.8.2024,"88.200,00","88.200,00","88.200,00","88.200,00","0,08",10.0,882.000,882.000
21.8.2024,"88.000,00","88.500,00","87.400,00","88.128,57","-0,35",7.0,616.900,616.900
20.8.2024,"88.500,00","88.500,00","88.000,00","88.439,02","2,84",41.0,3.626.000,3.626.000
19.8.2024,"86.000,00","86.000,00","86.000,00","86.000,00","1,42",30.0,2.580.000,2.580.000
16.8.2024,"84.800,00","84.800,00","84.800,00","84.800,00","0,36",20.0,1.696.000,1.696.000
15.8.2024,"84.500,00","84.500,00","84.500,00","84.500,00","0,60",1.0,84.500,84.500
14.8.2024,"84.000,00","84.000,00","84.000,00","84.000,00","0,00",8.0,672.000,672.000
13.8.2024,"84.000,00",,,"84.000,00","0,00",0.0,0,0
12.8.2024,"84.000,00","84.000,00","84.000,00","84.000,00","0,36",15.0,1.260.000,1.260.000
09.8.2024,"83.800,00","83.800,00","83.601,00","83.700,33","-0,14",3.0,251.101,251.101
08.8.2024,"83.800,00","84.000,00","83.800,00","83.814,78","-0,22",27.0,2.262.999,2.262.999
07.8.2024,"84.000,00","84.000,00","84.000,00","84.000,00","0,00",11.0,924.000,924.000
06.8.2024,"84.000,00","84.000,00","84.000,00","84.000,00","-1,03",3.0,252.000,252.000
05.8.2024,"83.000,00","85.001,00","83.000,00","84.875,19","-2,44",32.0,2.716.006,2.716.006
01.8.2024,"87.000,00","87.000,00","87.000,00","87.000,00","2,35",3.0,261.000,261.000
31.7.2024,"85.000,00","85.000,00","85.000,00","85.000,00","-2,30",10.0,850.000,850.000
30.7.2024,"87.000,00","87.000,00","87.000,00","87.000,00","2,87",3.0,261.000,261.000
29.7.2024,"85.900,00","86.000,00","84.000,00","84.576,47","0,26",17.0,1.437.800,1.437.800
26.7.2024,"84.700,00","84.700,00","83.999,00","84.353,54","0,42",28.0,2.361.899,2.361.899
25.7.2024,"84.000,00","84.000,00","84.000,00","84.000,00","0,13",3.0,252.000,252.000
24.7.2024,"84.000,00","84.500,00","83.500,00","83.891,06","1,07",32.0,2.684.514,2.684.514
23.7.2024,"83.000,00","83.000,00","83.000,00","83.000,00","0,64",4.0,332.000,332.000
22.7.2024,"82.600,00","82.600,00","82.000,00","82.471,43","0,57",28.0,2.309.200,2.309.200
19.7.2024,"82.000,00","82.001,00","82.000,00","82.000,07","-0,42",29.0,2.378.002,2.378.002
18.7.2024,"83.000,00","83.000,00","81.500,00","82.344,47","1,04",45.0,3.705.501,3.705.501
17.7.2024,"81.500,00","81.500,00","81.498,00","81.499,61","0,00",31.0,2.526.488,2.526.488
16.7.2024,"81.500,00","81.500,00","81.498,00","81.499,00","1,24",8.0,651.992,651.992
15.7.2024,"80.500,00",,,"80.500,59","0,00",0.0,0,0
12.7.2024,"80.500,00","80.501,00","80.500,00","80.500,59","-0,21",68.0,5.474.040,5.474.040
11.7.2024,"80.001,00","81.500,00","80.001,00","80.667,22","-1,02",18.0,1.452.010,1.452.010
10.7.2024,"81.500,00",,,"81.500,00","0,00",0.0,0,0
09.7.2024,"81.500,00","81.500,00","81.500,00","81.500,00","-0,56",4.0,326.000,326.000
08.7.2024,"81.998,00",,,"81.957,76","0,00",0.0,0,0
05.7.2024,"81.998,00","81.999,00","81.900,00","81.957,76","2,80",75.0,6.146.832,6.146.832
04.7.2024,"80.500,00","80.500,00","79.300,00","79.724,85","0,63",20.0,1.594.497,1.594.497
03.7.2024,"79.000,00","79.999,00","79.000,00","79.227,56","0,40",57.0,4.515.971,4.515.971
02.7.2024,"79.000,00","79.000,00","78.500,00","78.913,86","-0,05",14.0,1.104.794,1.104.794
01.7.2024,"78.999,00",,,"78.949,90","0,00",0.0,0,0
28.6.2024,"78.999,00","79.000,00","78.900,00","78.949,90","-0,18",10.0,789.499,789.499
27.6.2024,"79.000,00","79.500,00","79.000,00","79.089,82","-0,25",28.0,2.214.515,2.214.515
26.6.2024,"79.000,00","79.499,00","78.285,00","79.284,88","1,65",8.0,634.279,634.279
25.6.2024,"78.000,00","78.000,00","78.000,00","78.000,00","-0,36",5.0,390.000,390.000
24.6.2024,"78.285,00","79.499,00","77.800,00","78.285,23","0,12",13.0,1.017.708,1.017.708
20.6.2024,"78.000,00","79.000,00","77.800,00","78.188,38","-2,26",69.0,5.394.998,5.394.998
19.6.2024,"80.000,00","80.000,00","80.000,00","80.000,00","-4,19",8.0,640.000,640.000
18.6.2024,"83.498,00","83.498,00","83.498,00","83.498,00","-0,59",6.0,500.988,500.988
17.6.2024,"83.990,00","84.000,00","83.980,00","83.996,00","0,00",15.0,1.259.940,1.259.940
14.6.2024,"84.000,00","84.000,00","83.990,00","83.998,61","-0,28",69.0,5.795.904,5.795.904
13.6.2024,"83.999,00","85.000,00","83.500,00","84.236,67","2,86",27.0,2.274.390,21.762.390
12.6.2024,"82.300,00","82.500,00","81.000,00","81.896,21","1,15",124.0,10.155.130,10.155.130
11.6.2024,"81.000,00","81.000,00","80.900,00","80.964,29","0,15",14.0,1.133.500,1.133.500
10.6.2024,"81.000,00","81.000,00","80.500,00","80.843,75","-0,13",16.0,1.293.500,1.293.500
07.6.2024,"81.500,00","81.500,00","80.006,00","80.952,00","1,36",10.0,809.520,809.520
06.6.2024,"80.500,00","80.500,00","79.000,00","79.867,63","1,58",118.0,9.424.380,9.424.380
05.6.2024,"78.500,00","79.000,00","78.000,00","78.625,56","0,18",27.0,2.122.890,2.122.890
04.6.2024,"78.500,00",,,"78.487,50","0,00",0.0,0,0
03.6.2024,"78.500,00",,,"78.487,50","0,00",0.0,0,0
31.5.2024,"78.500,00","78.500,00","78.450,00","78.487,50","1,08",8.0,627.900,627.900
30.5.2024,"78.000,00","78.000,00","77.500,00","77.646,88","-0,90",17.0,1.319.997,1.319.997
29.5.2024,"78.000,00",,,"78.353,35","0,00",0.0,0,0
28.5.2024,"78.000,00","79.000,00","78.000,00","78.353,35","0,49",94.0,7.365.215,7.365.215
27.5.2024,"77.969,00","77.969,00","77.969,00","77.969,00","1,52",2.0,155.938,155.938
23.5.2024,"77.000,00","77.000,00","76.001,00","76.801,16","0,71",95.0,7.296.110,7.296.110
22.5.2024,"76.990,00",,,"76.256,05","0,00",0.0,0,0
21.5.2024,"76.990,00","76.990,00","75.750,00","76.256,05","1,07",43.0,3.279.010,3.279.010
20.5.2024,"75.200,00","75.500,00","75.000,00","75.449,92","0,20",60.0,4.526.995,4.526.995
17.5.2024,"75.500,00","75.500,00","75.000,00","75.299,93","0,37",15.0,1.129.499,23.329.499
16.5.2024,"75.200,00","75.200,00","75.000,00","75.025,81","0,03",31.0,2.325.800,2.325.800
15.5.2024,"75.000,00","75.000,00","75.000,00","75.000,00","0,00",5.0,375.000,375.000
14.5.2024,"75.000,00","75.000,00","74.998,00","74.999,62","1,34",8.0,599.997,599.997
13.5.2024,"74.015,00","74.015,00","74.000,00","74.008,32","-0,94",37.0,2.738.308,2.738.308
10.5.2024,"75.000,00","75.000,00","74.000,00","74.708,33","0,96",12.0,896.500,896.500
09.5.2024,"74.000,00","74.000,00","74.000,00","74.000,00","-0,30",2.0,148.000,148.000
07.5.2024,"74.500,00","74.600,00","73.320,00","74.220,67","1,25",30.0,2.226.620,2.226.620
02.5.2024,"73.350,00",,,"73.304,55","0,00",0.0,0,3.151.900
30.4.2024,"73.350,00","73.350,00","73.300,00","73.304,55","0,01",11.0,806.350,806.350
29.4.2024,"73.500,00","73.500,00","73.100,00","73.300,25","0,32",4.0,293.201,293.201
26.4.2024,"73.004,00","73.500,00","73.000,00","73.069,77","1,91",22.0,1.607.535,1.607.535
25.4.2024,"72.500,00","72.500,00","71.000,00","71.700,00","1,02",5.0,358.500,358.500
23.4.2024,"71.000,00","71.000,00","70.900,00","70.977,57","0,73",14.0,993.686,993.686
22.4.2024,"70.600,00","70.600,00","70.000,00","70.462,50","-0,76",8.0,563.700,563.700
19.4.2024,"70.999,00","70.999,00","70.999,00","70.999,00","1,79",2.0,141.998,141.998
18.4.2024,"70.013,00","70.013,00","69.000,00","69.751,57","1,82",98.0,6.835.654,6.835.654
17.4.2024,"68.503,00","68.503,00","68.501,00","68.502,82","1,88",22.0,1.507.062,1.507.062
16.4.2024,"68.500,00","68.500,00","67.000,00","67.236,74","-1,56",19.0,1.277.498,1.277.498
15.4.2024,"68.300,00","68.300,00","68.300,00","68.300,00","-0,24",4.0,273.200,273.200
12.4.2024,"68.497,00","68.497,00","68.000,00","68.465,94","0,69",32.0,2.190.910,2.190.910
11.4.2024,"68.000,00","68.000,00","68.000,00","68.000,00","0,00",6.0,408.000,408.000
09.4.2024,"68.003,00","68.003,00","68.000,00","68.002,24","-0,03",34.0,2.312.076,2.312.076
08.4.2024,"68.020,00","68.020,00","68.020,00","68.020,00","0,02",1.0,68.020,11.439.020
05.4.2024,"68.007,00","68.007,00","68.007,00","68.007,00","0,00",5.0,340.035,11.797.035
04.4.2024,"68.002,00","68.075,00","68.002,00","68.005,04","0,00",28.0,1.904.141,1.904.141
03.4.2024,"68.002,00",,,"68.002,00","0,00",0.0,0,0
02.4.2024,"68.002,00","68.002,00","68.002,00","68.002,00","-1,64",2.0,136.004,136.004
01.4.2024,"67.500,00","69.490,00","67.500,00","69.132,38","1,67",8.0,553.059,553.059
29.3.2024,"68.000,00",,,"67.999,98","0,00",0.0,0,0
28.3.2024,"68.000,00","68.000,00","67.999,00","67.999,98","1,26",80.0,5.439.998,5.439.998
27.3.2024,"67.151,00",,,"67.151,00","0,00",0.0,0,0
26.3.2024,"67.151,00","67.151,00","67.151,00","67.151,00","-1,25",1.0,67.151,67.151
25.3.2024,"68.000,00","68.001,00","68.000,00","68.000,05","-2,00",142.0,9.656.007,14.212.007
22.3.2024,"69.630,00","69.630,00","67.001,00","69.391,00","3,42",11.0,763.301,763.301
21.3.2024,"69.800,00","69.800,00","67.003,00","67.094,26","0,16",212.0,14.223.983,14.223.983
20.3.2024,"67.001,00","67.001,00","66.800,00","66.984,21","0,51",72.0,4.822.863,4.822.863
19.3.2024,"66.650,00","66.651,00","66.602,00","66.643,29","0,22",7.0,466.503,466.503
18.3.2024,"66.500,00","66.500,00","66.500,00","66.500,00","0,60",21.0,1.396.500,1.396.500
15.3.2024,"66.105,00","66.105,00","66.105,00","66.105,00","0,00",2.0,132.210,10.249.210
14.3.2024,"66.103,00","66.103,00","66.103,00","66.103,00","0,13",2.0,132.206,16.413.206
13.3.2024,"66.026,00","66.027,00","66.002,00","66.015,52","0,02",27.0,1.782.419,1.782.419
12.3.2024,"66.000,00","66.000,00","66.000,00","66.000,00","-0,11",2.0,132.000,132.000
11.3.2024,"66.102,00",,,"66.072,84","0,00",0.0,0,2.178.330
08.3.2024,"66.102,00","66.110,00","66.005,00","66.072,84","0,11",119.0,7.862.668,7.862.668
07.3.2024,"66.003,00",,,"66.002,50","0,00",0.0,0,0
06.3.2024,"66.003,00",,,"66.002,50","0,00",0.0,0,0
05.3.2024,"66.003,00","66.003,00","66.000,00","66.002,50","-0,15",6.0,396.015,396.015
04.3.2024,"66.110,00",,,"66.102,89","0,00",0.0,0,0
01.3.2024,"66.110,00","66.110,00","66.100,00","66.102,89","0,00",37.0,2.445.807,2.445.807
29.2.2024,"66.101,00","66.101,00","66.100,00","66.100,81","0,04",27.0,1.784.722,1.784.722
28.2.2024,"66.100,00","66.100,00","66.000,00","66.072,12","0,11",32.0,2.114.308,2.114.308
27.2.2024,"66.000,00","66.001,00","66.000,00","66.000,09","0,00",23.0,1.518.002,1.518.002
26.2.2024,"66.000,00","66.000,00","65.998,00","65.999,72","0,00",36.0,2.375.990,2.375.990
23.2.2024,"66.000,00","66.000,00","66.000,00","66.000,00","0,76",10.0,660.000,660.000
22.2.2024,"65.500,00","65.501,00","65.500,00","65.500,02","0,00",47.0,3.078.501,3.078.501
21.2.2024,"65.500,00","65.500,00","65.500,00","65.500,00","0,00",6.0,393.000,393.000
20.2.2024,"65.500,00","65.500,00","65.500,00","65.500,00","0,00",16.0,1.048.000,1.048.000
19.2.2024,"65.500,00","65.500,00","65.500,00","65.500,00","0,00",11.0,720.500,720.500
16.2.2024,"65.500,00","65.501,00","65.500,00","65.500,17","0,00",12.0,786.002,786.002
15.2.2024,"65.500,00","65.500,00","65.500,00","65.500,00","0,13",4.0,262.000,262.000
14.2.2024,"65.499,00","65.500,00","65.000,00","65.416,33","0,47",6.0,392.498,392.498
13.2.2024,"65.110,00","65.110,00","65.110,00","65.110,00","0,00",6.0,390.660,390.660
12.2.2024,"65.110,00","65.110,00","65.110,00","65.110,00","0,03",5.0,325.550,325.550
09.2.2024,"65.101,00","65.101,00","65.000,00","65.088,45","-0,07",40.0,2.603.538,2.603.538
08.2.2024,"65.200,00","65.200,00","65.001,00","65.133,67","-0,44",6.0,390.802,390.802
07.2.2024,"65.100,00",,,"65.420,20","0,00",0.0,0,0
06.2.2024,"65.100,00",,,"65.420,20","0,00",0.0,0,0
05.2.2024,"65.100,00",,,"65.420,20","0,00",0.0,0,0
02.2.2024,"65.100,00","66.000,00","65.000,00","65.420,20","0,65",5.0,327.101,327.101
01.2.2024,"65.000,00","65.000,00","65.000,00","65.000,00","0,78",3.0,195.000,2.795.000
31.1.2024,"64.500,00","64.500,00","64.500,00","64.500,00","-0,09",41.0,2.644.500,18.244.500
30.1.2024,"65.000,00","65.000,00","64.500,00","64.558,82","0,09",34.0,2.195.000,2.195.000
29.1.2024,"64.500,00","64.500,00","64.500,00","64.500,00","0,39",5.0,322.500,322.500
26.1.2024,"64.250,00","64.250,00","64.250,00","64.250,00","-0,89",9.0,578.250,578.250
25.1.2024,"65.000,00",,,"64.829,38","0,00",0.0,0,0
24.1.2024,"65.000,00","65.000,00","64.400,00","64.829,38","0,70",145.0,9.400.260,9.400.260
23.1.2024,"64.300,00","64.500,00","64.054,00","64.381,29","-0,18",24.0,1.545.151,1.545.151
22.1.2024,"64.500,00",,,"64.500,00","0,00",0.0,0,0
18.1.2024,"64.500,00","64.500,00","64.500,00","64.500,00","0,78",10.0,645.000,645.000
17.1.2024,"64.000,00","64.000,00","64.000,00","64.000,00","0,00",13.0,832.000,832.000
16.1.2024,"64.000,00","64.000,00","64.000,00","64.000,00","0,77",2.0,128.000,128.000
15.1.2024,"63.500,00","63.560,00","63.500,00","63.510,00","-2,08",11.0,698.610,698.610
12.1.2024,"65.000,00","65.000,00","64.500,00","64.857,14","-0,22",14.0,908.000,908.000
11.1.2024,"65.000,00",,,"65.000,00","0,00",0.0,0,0
10.1.2024,"65.000,00","65.000,00","65.000,00","65.000,00","0,00",6.0,390.000,390.000
09.1.2024,"65.000,00","65.000,00","65.000,00","65.000,00","0,00",2.0,130.000,130.000
05.1.2024,"65.000,00","65.000,00","65.000,00","65.000,00","0,04",26.0,1.690.000,1.690.000
04.1.2024,"65.000,00","65.000,00","64.010,00","64.972,50","-0,04",36.0,2.339.010,2.339.010
03.1.2024,"65.000,00","65.000,00","64.997,00","64.997,57","0,97",30.0,1.949.927,1.949.927
02.1.2024,"64.375,00","64.375,00","64.375,00","64.375,00","0,00",10.0,643.750,643.750
28.12.2023,"64.500,00","64.501,00","64.000,00","64.375,50","-0,96",8.0,515.004,515.004
27.12.2023,"64.998,00","64.998,00","64.997,00","64.997,44","0,00",27.0,1.754.931,1.754.931
26.12.2023,"64.999,00","64.999,00","64.999,00","64.999,00","2,36",22.0,1.429.978,1.429.978
25.12.2023,"63.500,00","63.500,00","63.500,00","63.500,00","-1,85",1.0,63.500,63.500
22.12.2023,"64.700,00","64.700,00","64.700,00","64.700,00","-0,68",4.0,258.800,258.800
21.12.2023,"65.000,00","65.500,00","65.000,00","65.145,00","0,24",40.0,2.605.800,2.605.800
20.12.2023,"65.000,00","65.000,00","64.899,00","64.989,63","0,01",71.0,4.614.264,4.614.264
19.12.2023,"64.980,00","64.980,00","64.980,00","64.980,00","-0,02",3.0,194.940,194.940
18.12.2023,"64.990,00","64.990,00","64.990,00","64.990,00","0,00",2.0,129.980,129.980
15.12.2023,"64.990,00","64.990,00","64.990,00","64.990,00","0,45",15.0,974.850,974.850
14.12.2023,"64.500,00","65.000,00","64.500,00","64.700,00","0,93",10.0,647.000,647.000
13.12.2023,"64.100,00","64.101,00","64.100,00","64.100,85","0,17",102.0,6.538.287,6.538.287
12.12.2023,"64.000,00",,,"63.990,00","0,00",0.0,0,0
11.12.2023,"64.000,00","64.000,00","63.900,00","63.990,00","0,10",10.0,639.900,639.900
07.12.2023,"63.850,00","64.000,00","63.850,00","63.925,00","0,04",4.0,255.700,255.700
06.12.2023,"63.900,00","63.900,00","63.900,00","63.900,00","0,00",2.0,127.800,127.800
05.12.2023,"63.900,00","63.900,00","63.900,00","63.900,00","0,16",3.0,191.700,191.700
04.12.2023,"63.800,00","63.800,00","63.800,00","63.800,00","-0,26",1.0,63.800,63.800
01.12.2023,"64.500,00","64.500,00","63.700,00","63.966,77","-0,94",30.0,1.919.003,1.919.003
30.11.2023,"65.000,00",,,"64.576,92","0,00",0.0,0,0
29.11.2023,"65.000,00","65.000,00","64.500,00","64.576,92","-0,30",13.0,839.500,839.500
28.11.2023,"64.000,00","65.000,00","64.000,00","64.769,23","-1,12",13.0,842.000,842.000
27.11.2023,"65.500,00","65.500,00","65.500,00","65.500,00","0,00",3.0,196.500,196.500
24.11.2023,"65.500,00","65.500,00","65.500,00","65.500,00","2,93",17.0,1.113.500,1.113.500
23.11.2023,"64.000,00","64.000,00","63.001,00","63.636,73","0,90",11.0,700.004,700.004
22.11.2023,"63.000,00","63.201,00","63.000,00","63.071,52","-1,06",21.0,1.324.502,1.324.502
21.11.2023,"63.500,00","64.000,00","63.500,00","63.750,00","0,39",2.0,127.500,127.500
20.11.2023,"63.500,00","63.500,00","63.500,00","63.500,00","0,00",4.0,254.000,254.000
17.11.2023,"63.500,00","63.500,00","63.500,00","63.500,00","0,79",16.0,1.016.000,1.016.000
16.11.2023,"63.010,00","63.010,00","63.000,00","63.001,11","0,59",9.0,567.010,567.010
15.11.2023,"62.701,00","62.701,00","62.600,00","62.633,67","-0,76",3.0,187.901,187.901
14.11.2023,"63.000,00","63.500,00","63.000,00","63.114,00","-0,58",16.0,1.009.824,1.009.824
13.11.2023,"63.500,00","63.500,00","63.200,00","63.485,00","-0,80",20.0,1.269.700,1.269.700
10.11.2023,"64.000,00","64.000,00","64.000,00","64.000,00","1,01",2.0,128.000,128.000
09.11.2023,"64.000,00","64.000,00","63.000,00","63.362,79","0,38",14.0,887.079,887.079
08.11.2023,"63.121,00","63.121,00","63.121,00","63.121,00","-1,37",3.0,189.363,189.363
07.11.2023,"64.000,00",,,"64.000,00","0,00",0.0,0,0
06.11.2023,"64.000,00",,,"64.000,00","0,00",0.0,0,0
03.11.2023,"64.000,00","64.000,00","64.000,00","64.000,00","0,00",9.0,576.000,576.000
02.11.2023,"64.000,00","64.000,00","64.000,00","64.000,00","0,00",35.0,2.240.000,2.240.000
01.11.2023,"64.000,00","64.000,00","64.000,00","64.000,00","-0,04",19.0,1.216.000,1.216.000
31.10.2023,"64.500,00","64.500,00","64.000,00","64.028,57","0,02",35.0,2.241.000,2.241.000
30.10.2023,"64.000,00","64.111,00","64.000,00","64.013,88","-0,50",8.0,512.111,512.111
27.10.2023,"64.200,00","65.000,00","64.020,00","64.335,56","-1,02",9.0,579.020,579.020
26.10.2023,"65.000,00","65.000,00","65.000,00","65.000,00","0,00",10.0,650.000,650.000
25.10.2023,"65.000,00","65.000,00","65.000,00","65.000,00","-2,99",1.0,65.000,65.000
24.10.2023,"67.000,00","67.000,00","67.000,00","67.000,00","-2,83",2.0,134.000,134.000
20.10.2023,"68.949,00","68.949,00","68.949,00","68.949,00","1,40",4.0,275.796,275.796
19.10.2023,"67.999,00","67.999,00","67.999,00","67.999,00","0,79",4.0,271.996,271.996
18.10.2023,"66.930,00","68.000,00","66.930,00","67.465,00","-2,22",2.0,134.930,134.930
17.10.2023,"68.999,00","68.999,00","68.999,00","68.999,00","-0,36",3.0,206.997,206.997
16.10.2023,"68.999,00",,,"69.247,27","0,00",0.0,0,0
13.10.2023,"68.999,00",,,"69.247,27","0,00",0.0,0,0
12.10.2023,"68.999,00",,,"69.247,27","0,00",0.0,0,0
10.10.2023,"68.999,00","69.449,00","68.998,00","69.247,27","-0,36",60.0,4.154.836,4.154.836
09.10.2023,"69.499,00","69.499,00","69.499,00","69.499,00","0,49",4.0,277.996,277.996
06.10.2023,"69.157,00","69.157,00","69.157,00","69.157,00","3,00",6.0,414.942,414.942
05.10.2023,"67.258,00","67.258,00","66.000,00","67.143,64","2,82",11.0,738.580,738.580
04.10.2023,"65.300,00","65.300,00","65.300,00","65.300,00","0,13",3.0,195.900,195.900
03.10.2023,"65.250,00","65.250,00","65.200,00","65.214,29","0,22",7.0,456.500,456.500
02.10.2023,"65.250,00","65.250,00","65.000,00","65.071,43","-0,27",7.0,455.500,455.500
29.9.2023,"65.250,00","65.250,00","65.250,00","65.250,00","-0,08",2.0,130.500,130.500
28.9.2023,"65.300,00","65.300,00","65.300,00","65.300,00","0,67",3.0,195.900,195.900
27.9.2023,"64.000,00","65.300,00","64.000,00","64.866,33","-0,66",3.0,194.599,194.599
26.9.2023,"65.300,00","65.300,00","65.300,00","65.300,00","0,00",4.0,261.200,261.200
25.9.2023,"65.300,00","65.300,00","65.299,00","65.299,83","0,00",6.0,391.799,391.799
22.9.2023,"65.300,00","65.300,00","65.300,00","65.300,00","0,00",14.0,914.200,914.200
21.9.2023,"65.300,00","65.300,00","65.300,00","65.300,00","0,00",7.0,457.100,457.100
20.9.2023,"65.300,00","65.300,00","65.299,00","65.299,50","0,46",10.0,652.995,652.995
19.9.2023,"65.000,00","65.000,00","65.000,00","65.000,00","0,78",3.0,195.000,195.000
18.9.2023,"64.500,00","64.500,00","64.500,00","64.500,00","0,00",10.0,645.000,645.000
15.9.2023,"64.500,00","64.500,00","64.500,00","64.500,00","0,00",1.0,64.500,64.500
14.9.2023,"64.500,00","64.500,00","64.500,00","64.500,00","-1,23",30.0,1.935.000,1.935.000
13.9.2023,"65.300,00","65.301,00","65.300,00","65.300,25","0,46",20.0,1.306.005,1.306.005
12.9.2023,"65.001,00","65.002,00","65.000,00","65.001,17","0,00",6.0,390.007,390.007
11.9.2023,"65.000,00",,,"65.000,00","0,00",0.0,0,0
07.9.2023,"65.000,00",,,"65.000,00","0,00",0.0,0,0
06.9.2023,"65.000,00","65.000,00","65.000,00","65.000,00","-1,52",2.0,130.000,130.000
05.9.2023,"66.000,00",,,"66.000,00","0,00",0.0,0,0
04.9.2023,"66.000,00","66.000,00","66.000,00","66.000,00","-0,08",15.0,990.000,990.000
01.9.2023,"66.000,00","66.500,00","66.000,00","66.050,00","0,08",10.0,660.500,660.500
31.8.2023,"66.000,00","66.000,00","66.000,00","66.000,00","0,00",5.0,330.000,330.000
30.8.2023,"66.000,00","66.000,00","66.000,00","66.000,00","2,04",20.0,1.320.000,7.946.500
29.8.2023,"65.000,00","65.000,00","64.000,00","64.681,82","1,07",22.0,1.423.000,1.423.000
25.8.2023,"63.999,00",,,"63.999,82","0,00",0.0,0,0
24.8.2023,"63.999,00","64.000,00","63.999,00","63.999,82","0,00",28.0,1.791.995,1.791.995
23.8.2023,"63.998,00","63.998,00","63.998,00","63.998,00","0,78",5.0,319.990,319.990
22.8.2023,"63.500,00","63.500,00","63.500,00","63.500,00","0,47",1.0,63.500,63.500
21.8.2023,"63.510,00",,,"63.201,53","0,00",0.0,0,0
18.8.2023,"63.510,00","63.510,00","63.000,00","63.201,53","-0,49",15.0,948.023,948.023
17.8.2023,"63.510,00",,,"63.510,20","0,00",0.0,0,0
16.8.2023,"63.510,00","63.511,00","63.510,00","63.510,20","-0,01",5.0,317.551,317.551
15.8.2023,"63.515,00","63.516,00","63.515,00","63.515,33","-0,76",15.0,952.730,952.730
14.8.2023,"63.999,00",,,"63.999,83","0,00",0.0,0,0
11.8.2023,"63.999,00","64.000,00","63.999,00","63.999,83","-1,54",6.0,383.999,383.999
10.8.2023,"65.000,00","65.000,00","65.000,00","65.000,00","1,56",1.0,65.000,65.000
09.8.2023,"64.000,00",,,"64.000,00","0,00",0.0,0,0
08.8.2023,"64.000,00","64.000,00","64.000,00","64.000,00","0,00",9.0,576.000,576.000
07.8.2023,"64.000,00","64.000,00","64.000,00","64.000,00","-1,54",3.0,192.000,192.000
04.8.2023,"65.000,00",,,"65.000,00","0,00",0.0,0,0
03.8.2023,"65.000,00",,,"65.000,00","0,00",0.0,0,0
01.8.2023,"65.000,00","65.000,00","65.000,00","65.000,00","-0,12",7.0,455.000,455.000
31.7.2023,"65.000,00",,,"65.080,40","0,00",0.0,0,0
28.7.2023,"65.000,00",,,"65.080,40","0,00",0.0,0,0
27.7.2023,"65.000,00",,,"65.080,40","0,00",0.0,0,0
26.7.2023,"65.000,00","65.101,00","65.000,00","65.080,40","-0,03",5.0,325.402,325.402
25.7.2023,"65.100,00",,,"65.100,00","0,00",0.0,0,0
24.7.2023,"65.100,00","65.100,00","65.100,00","65.100,00","0,00",10.0,651.000,651.000
21.7.2023,"65.100,00",,,"65.100,00","0,00",0.0,0,0
20.7.2023,"65.100,00",,,"65.100,00","0,00",0.0,0,0
19.7.2023,"65.100,00","65.100,00","65.100,00","65.100,00","0,15",16.0,1.041.600,1.041.600
18.7.2023,"65.000,00","65.000,00","65.000,00","65.000,00","-0,73",1.0,65.000,8.968.520
17.7.2023,"65.000,00",,,"65.475,81","0,00",0.0,0,0
14.7.2023,"65.000,00",,,"65.475,81","0,00",0.0,0,0
13.7.2023,"65.000,00","65.500,00","65.000,00","65.475,81","0,73",248.0,16.238.001,16.238.001
12.7.2023,"65.000,00","65.000,00","65.000,00","65.000,00","-1,51",4.0,260.000,260.000
11.7.2023,"65.997,00",,,"65.997,00","0,00",0.0,0,0
10.7.2023,"65.997,00",,,"65.997,00","0,00",0.0,0,0
07.7.2023,"65.997,00","65.997,00","65.997,00","65.997,00","0,00",6.0,395.982,395.982
06.7.2023,"65.997,00","65.997,00","65.997,00","65.997,00","0,00",3.0,197.991,197.991
05.7.2023,"66.000,00","66.000,00","65.998,00","65.999,47","0,01",17.0,1.121.991,1.121.991
04.7.2023,"66.000,00","66.000,00","65.949,00","65.993,29","0,09",24.0,1.583.839,1.583.839
03.7.2023,"66.000,00",,,"65.932,10","0,00",0.0,0,0
30.6.2023,"66.000,00","66.000,00","65.850,00","65.932,10","3,67",20.0,1.318.642,1.318.642
29.6.2023,"63.600,00","63.600,00","63.600,00","63.600,00","-3,64",1.0,63.600,63.600
28.6.2023,"66.000,00","66.000,00","66.000,00","66.000,00","0,18",1.0,66.000,66.000
27.6.2023,"66.000,00","66.000,00","65.000,00","65.882,35","1,53",34.0,2.240.000,2.240.000
26.6.2023,"65.000,00","65.000,00","64.000,00","64.888,89","3,00",18.0,1.168.000,1.168.000
23.6.2023,"63.000,00","63.000,00","63.000,00","63.000,00","0,00",6.0,378.000,378.000
22.6.2023,"63.001,00","63.002,00","63.000,00","63.000,75","-0,08",12.0,756.009,756.009
21.6.2023,"63.050,00","63.050,00","63.050,00","63.050,00","0,00",2.0,126.100,126.100
20.6.2023,"63.050,00","63.050,00","63.050,00","63.050,00","-3,00",1.0,63.050,63.050
19.6.2023,"65.000,00","65.000,00","65.000,00","65.000,00","-2,99",2.0,130.000,130.000
16.6.2023,"67.000,00",,,"67.000,00","0,00",0.0,0,0
15.6.2023,"67.000,00","67.000,00","67.000,00","67.000,00","0,00",22.0,1.474.000,1.474.000
14.6.2023,"67.000,00","67.000,00","67.000,00","67.000,00","0,00",10.0,670.000,670.000
13.6.2023,"67.000,00","67.000,00","66.999,00","66.999,62","0,00",16.0,1.071.994,1.071.994
12.6.2023,"67.000,00","67.000,00","67.000,00","67.000,00","0,00",5.0,335.000,335.000
09.6.2023,"67.000,00","67.000,00","67.000,00","67.000,00","-0,37",1.0,67.000,67.000
08.6.2023,"67.000,00",,,"67.250,00","0,00",0.0,0,0
07.6.2023,"67.000,00","67.500,00","67.000,00","67.250,00","-0,37",2.0,134.500,134.500
06.6.2023,"67.500,00","67.500,00","67.500,00","67.500,00","-0,25",7.0,472.500,472.500
05.6.2023,"67.500,00","67.999,00","67.500,00","67.666,33","-0,49",3.0,202.999,202.999
01.6.2023,"68.000,00","68.000,00","68.000,00","68.000,00","0,00",4.0,272.000,272.000
31.5.2023,"68.000,00","68.000,00","68.000,00","68.000,00","0,00",1.0,68.000,68.000
30.5.2023,"68.000,00","68.000,00","68.000,00","68.000,00","0,00",6.0,408.000,408.000
29.5.2023,"68.001,00","68.001,00","68.001,00","68.001,00","-1,59",50.0,3.400.050,3.400.050
26.5.2023,"69.100,00","69.100,00","69.100,00","69.100,00","0,08",25.0,1.727.500,1.727.500
25.5.2023,"69.100,00","69.100,00","68.500,00","69.045,45","0,00",33.0,2.278.500,2.278.500
23.5.2023,"69.500,00",,,"69.045,45","0,00",0.0,0,0
22.5.2023,"69.500,00",,,"69.045,45","0,00",0.0,0,0
19.5.2023,"69.500,00","69.500,00","69.000,00","69.045,45","-0,11",22.0,1.519.000,1.519.000
18.5.2023,"69.100,00","69.200,00","69.100,00","69.122,26","1,58",27.0,1.866.301,1.866.301
17.5.2023,"68.050,00",,,"68.050,00","0,00",0.0,0,0
16.5.2023,"68.050,00","68.050,00","68.050,00","68.050,00","1,26",2.0,136.100,136.100
15.5.2023,"67.200,00",,,"67.200,00","0,00",0.0,0,0
12.5.2023,"67.200,00","67.200,00","67.200,00","67.200,00","0,30",2.0,134.400,134.400
11.5.2023,"67.002,00",,,"67.001,83","0,00",0.0,0,0
10.5.2023,"67.002,00","67.004,00","67.000,00","67.001,83","-2,71",12.0,804.022,804.022
09.5.2023,"68.870,00",,,"68.870,00","0,00",0.0,0,0
08.5.2023,"68.870,00","68.870,00","68.870,00","68.870,00","-3,00",2.0,137.740,137.740
05.5.2023,"71.000,00",,,"71.000,00","0,00",0.0,0,0
04.5.2023,"71.000,00",,,"71.000,00","0,00",0.0,0,0
03.5.2023,"71.000,00",,,"71.000,00","0,00",0.0,0,0
02.5.2023,"71.000,00","71.000,00","71.000,00","71.000,00","0,00",2.0,142.000,142.000
28.4.2023,"71.000,00","71.000,00","71.000,00","71.000,00","0,71",21.0,1.491.000,1.491.000
27.4.2023,"70.500,00","70.500,00","70.500,00","70.500,00","2,92",3.0,211.500,211.500
26.4.2023,"68.500,00","68.500,00","68.500,00","68.500,00","0,74",1.0,68.500,68.500
25.4.2023,"68.000,00","68.000,00","67.998,00","67.999,60","1,49",10.0,679.996,679.996
24.4.2023,"67.001,00","67.001,00","67.001,00","67.001,00","-0,58",4.0,268.004,268.004
20.4.2023,"67.000,00","67.500,00","67.000,00","67.389,74","-0,16",39.0,2.628.200,2.628.200
19.4.2023,"67.500,00","67.500,00","67.500,00","67.500,00","-0,74",11.0,742.500,742.500
18.4.2023,"68.000,00",,,"68.000,00","0,00",0.0,0,0
13.4.2023,"68.000,00","68.000,00","68.000,00","68.000,00","-0,73",2.0,136.000,136.000
12.4.2023,"68.500,00","68.500,00","68.500,00","68.500,00","0,74",1.0,68.500,68.500
11.4.2023,"68.000,00","68.000,00","68.000,00","68.000,00","-0,37",3.0,204.000,204.000
10.4.2023,"68.500,00","68.500,00","68.000,00","68.250,00","1,84",20.0,1.365.000,1.365.000
07.4.2023,"67.000,00","67.100,00","67.000,00","67.018,75","-0,02",16.0,1.072.300,1.072.300
06.4.2023,"67.001,00","67.200,00","67.000,00","67.033,80","0,05",30.0,2.011.014,2.011.014
05.4.2023,"67.000,00","67.000,00","67.000,00","67.000,00","-1,47",4.0,268.000,268.000
04.4.2023,"68.000,00","68.000,00","68.000,00","68.000,00","1,49",3.0,204.000,204.000
03.4.2023,"67.000,00","67.000,00","67.000,00","67.000,00","0,64",4.0,268.000,268.000
31.3.2023,"67.000,00",,,"66.572,29","0,00",0.0,0,0
30.3.2023,"67.000,00","67.000,00","66.501,00","66.572,29","-0,08",14.0,932.012,932.012
29.3.2023,"66.501,00","67.000,00","66.501,00","66.628,00","0,19",12.0,799.536,799.536
28.3.2023,"66.500,00","66.500,00","66.500,00","66.500,00","-1,24",5.0,332.500,332.500
27.3.2023,"67.500,00","67.500,00","67.000,00","67.333,33","1,25",6.0,404.000,404.000
24.3.2023,"66.500,00","66.502,00","66.500,00","66.500,56","-0,37",9.0,598.505,598.505
23.3.2023,"66.750,00","66.750,00","66.750,00","66.750,00","0,53",8.0,534.000,534.000
22.3.2023,"66.500,00","66.500,00","66.000,00","66.400,00","-0,35",5.0,332.000,332.000
21.3.2023,"66.500,00","66.999,00","66.500,00","66.635,57","-0,54",7.0,466.449,466.449
20.3.2023,"67.000,00","67.000,00","67.000,00","67.000,00","0,75",1.0,67.000,67.000
17.3.2023,"66.503,00",,,"66.503,00","0,00",0.0,0,0
16.3.2023,"66.503,00","66.503,00","66.503,00","66.503,00","-1,23",1.0,66.503,66.503
15.3.2023,"66.501,00","68.000,00","66.501,00","67.334,00","-1,08",9.0,606.006,606.006
14.3.2023,"68.000,00",,,"68.066,67","0,00",0.0,0,0
13.3.2023,"68.000,00","68.100,00","68.000,00","68.066,67","0,10",3.0,204.200,204.200
10.3.2023,"68.000,00","68.001,00","68.000,00","68.000,20","-1,45",5.0,340.001,340.001
09.3.2023,"69.000,00","69.000,00","69.000,00","69.000,00","0,00",5.0,345.000,345.000
08.3.2023,"69.000,00","69.000,00","69.000,00","69.000,00","0,00",2.0,138.000,138.000
07.3.2023,"69.000,00","69.000,00","69.000,00","69.000,00","0,00",8.0,552.000,552.000
06.3.2023,"69.000,00","69.000,00","69.000,00","69.000,00","0,00",17.0,1.173.000,1.173.000
03.3.2023,"69.000,00",,,"69.000,00","0,00",0.0,0,0
02.3.2023,"69.000,00","69.000,00","69.000,00","69.000,00","2,11",3.0,207.000,207.000
01.3.2023,"68.000,00","68.000,00","67.000,00","67.571,43","0,85",7.0,473.000,473.000
28.2.2023,"67.000,00","67.000,00","67.000,00","67.000,00","0,00",2.0,134.000,134.000
27.2.2023,"67.000,00","67.000,00","67.000,00","67.000,00","1,90",1.0,67.000,67.000
24.2.2023,"66.000,00","66.000,00","65.500,00","65.750,00","0,66",2.0,131.500,131.500
23.2.2023,"65.000,00","66.000,00","65.000,00","65.316,42","-1,04",19.0,1.241.012,1.241.012
22.2.2023,"66.000,00","66.000,00","66.000,00","66.000,00","0,00",2.0,132.000,132.000
21.2.2023,"66.000,00","66.000,00","66.000,00","66.000,00","-0,75",4.0,264.000,264.000
20.2.2023,"66.500,00","66.500,00","66.500,00","66.500,00","0,09",2.0,133.000,133.000
17.2.2023,"66.000,00",,,"66.443,48","0,00",0.0,0,0
16.2.2023,"66.000,00","67.000,00","66.000,00","66.443,48","0,67",23.0,1.528.200,1.528.200
15.2.2023,"66.002,00","66.002,00","66.002,00","66.002,00","-1,50",3.0,198.006,198.006
14.2.2023,"67.011,00","67.018,00","67.000,00","67.005,00","-1,46",31.0,2.077.155,2.077.155
13.2.2023,"68.000,00",,,"68.000,00","0,00",0.0,0,0
10.2.2023,"68.000,00","68.000,00","68.000,00","68.000,00","0,00",6.0,408.000,408.000
09.2.2023,"68.001,00","68.001,00","68.000,00","68.000,33","0,00",3.0,204.001,204.001
08.2.2023,"68.000,00","68.000,00","68.000,00","68.000,00","0,00",11.0,748.000,748.000
07.2.2023,"68.000,00","68.000,00","67.999,00","67.999,79","0,16",14.0,951.997,951.997
06.2.2023,"68.000,00",,,"67.890,00","0,00",0.0,0,0
03.2.2023,"68.000,00","68.000,00","67.560,00","67.890,00","-0,08",4.0,271.560,271.560
02.2.2023,"67.500,00",,,"67.944,44","0,00",0.0,0,0
01.2.2023,"67.500,00","68.000,00","67.500,00","67.944,44","-0,08",9.0,611.500,611.500
31.1.2023,"68.000,00","68.000,00","68.000,00","68.000,00","0,15",1.0,68.000,68.000
30.1.2023,"67.900,00","67.900,00","67.900,00","67.900,00","-3,00",2.0,135.800,135.800
27.1.2023,"69.999,00","69.999,00","69.999,00","69.999,00","4,32",3.0,209.997,209.997
26.1.2023,"67.100,00",,,"67.100,00","0,00",0.0,0,0
25.1.2023,"67.100,00",,,"67.100,00","0,00",0.0,0,0
24.1.2023,"67.100,00",,,"67.100,00","0,00",0.0,0,0
23.1.2023,"67.100,00","67.100,00","67.100,00","67.100,00","-2,75",3.0,201.300,201.300
20.1.2023,"69.000,00",,,"69.000,00","0,00",0.0,0,0
18.1.2023,"69.000,00","69.000,00","69.000,00","69.000,00","1,17",7.0,483.000,483.000
17.1.2023,"68.200,00",,,"68.200,00","0,00",0.0,0,0
16.1.2023,"68.200,00",,,"68.200,00","0,00",0.0,0,0
13.1.2023,"68.200,00","68.200,00","68.200,00","68.200,00","0,00",3.0,204.600,204.600
12.1.2023,"68.500,00","68.500,00","67.900,00","68.200,00","2,40",6.0,409.200,409.200
11.1.2023,"66.600,00","66.600,00","66.600,00","66.600,00","0,15",1.0,66.600,66.600
10.1.2023,"66.500,00",,,"66.500,00","0,00",0.0,0,0
09.1.2023,"66.500,00","66.500,00","66.500,00","66.500,00","-2,06",1.0,66.500,66.500
05.1.2023,"67.900,00",,,"67.900,00","0,00",0.0,0,0
04.1.2023,"67.900,00",,,"67.900,00","0,00",0.0,0,0
03.1.2023,"67.900,00","67.900,00","67.900,00","67.900,00","0,75",7.0,475.300,475.300
29.12.2022,"67.500,00","67.650,00","67.000,00","67.394,06","1,19",32.0,2.156.610,2.156.610
28.12.2022,"66.600,00","66.600,00","66.600,00","66.600,00","0,21",7.0,466.200,466.200
27.12.2022,"66.500,00","66.500,00","66.004,00","66.461,88","0,55",26.0,1.728.009,1.728.009
26.12.2022,"66.100,00","66.101,00","66.100,00","66.100,38","-0,48",8.0,528.803,528.803
23.12.2022,"66.101,00","67.001,00","66.100,00","66.416,89","-2,11",37.0,2.457.425,2.457.425
22.12.2022,"67.900,00","67.900,00","67.500,00","67.850,00","1,27",8.0,542.800,542.800
21.12.2022,"67.002,00","67.002,00","67.002,00","67.002,00","0,00",3.0,201.006,201.006
20.12.2022,"67.000,00",,,"67.000,00","0,00",0.0,0,0
19.12.2022,"67.000,00","67.000,00","67.000,00","67.000,00","-1,47",4.0,268.000,268.000
16.12.2022,"68.000,00","68.000,00","68.000,00","68.000,00","1,49",13.0,884.000,884.000
15.12.2022,"67.000,00","67.000,00","67.000,00","67.000,00","0,00",9.0,603.000,603.000
14.12.2022,"66.998,00",,,"66.997,27","0,00",0.0,0,0
13.12.2022,"66.998,00","66.998,00","66.990,00","66.997,27","0,01",11.0,736.970,736.970
12.12.2022,"66.990,00","66.990,00","66.990,00","66.990,00","0,65",8.0,535.920,535.920
09.12.2022,"66.750,00","66.750,00","66.166,00","66.555,60","0,84",15.0,998.334,998.334
07.12.2022,"66.003,00","66.003,00","66.003,00","66.003,00","0,00",5.0,330.015,330.015
06.12.2022,"66.003,00","66.003,00","66.003,00","66.003,00","0,00",2.0,132.006,132.006
05.12.2022,"66.000,00",,,"66.000,00","0,00",0.0,0,0
02.12.2022,"66.000,00",,,"66.000,00","0,00",0.0,0,0
01.12.2022,"66.000,00",,,"66.000,00","0,00",0.0,0,0
30.11.2022,"66.000,00","66.000,00","66.000,00","66.000,00","0,00",9.0,594.000,594.000
29.11.2022,"66.000,00","66.000,00","66.000,00","66.000,00","0,30",1.0,66.000,66.000
28.11.2022,"65.750,00","65.850,00","65.750,00","65.800,00","-0,05",4.0,263.200,263.200
25.11.2022,"65.500,00","66.000,00","65.500,00","65.833,33","-0,25",3.0,197.500,197.500
24.11.2022,"66.000,00",,,"65.999,57","0,00",0.0,0,0
23.11.2022,"66.000,00","66.000,00","65.999,00","65.999,57","0,17",7.0,461.997,461.997
22.11.2022,"65.800,00","66.000,00","65.800,00","65.885,71","-0,17",7.0,461.200,461.200
21.11.2022,"66.000,00",,,"66.000,00","0,00",0.0,0,0
18.11.2022,"66.000,00","66.000,00","66.000,00","66.000,00","-0,33",2.0,132.000,132.000
17.11.2022,"66.200,00","66.500,00","66.200,00","66.218,05","-0,42",64.0,4.237.955,4.237.955
16.11.2022,"66.500,00","66.500,00","66.500,00","66.500,00","0,00",77.0,5.120.500,5.120.500
15.11.2022,"66.500,00","66.500,00","66.500,00","66.500,00","0,00",1.0,66.500,66.500
14.11.2022,"66.500,00","66.500,00","66.500,00","66.500,00","-1,24",5.0,332.500,332.500
11.11.2022,"67.100,00","67.500,00","67.100,00","67.333,25","-0,25",12.0,807.999,807.999
10.11.2022,"67.495,00","67.500,00","67.495,00","67.499,44","0,00",27.0,1.822.485,1.822.485
09.11.2022,"67.500,00","67.500,00","67.500,00","67.500,00","0,25",2.0,135.000,135.000
08.11.2022,"67.500,00",,,"67.333,33","0,00",0.0,0,0
07.11.2022,"67.500,00","67.500,00","67.000,00","67.333,33","-0,98",6.0,404.000,404.000
04.11.2022,"68.000,00",,,"68.000,00","0,00",0.0,0,0
03.11.2022,"68.000,00",,,"68.000,00","0,00",0.0,0,0
02.11.2022,"68.000,00",,,"68.000,00","0,00",0.0,0,0
01.11.2022,"68.000,00","68.000,00","68.000,00","68.000,00","-1,45",1.0,68.000,68.000
31.10.2022,"69.000,00",,,"68.999,82","0,00",0.0,0,0
28.10.2022,"69.000,00","69.000,00","68.999,00","68.999,82","-1,43",28.0,1.931.995,1.931.995
27.10.2022,"69.999,00",,,"69.999,00","0,00",0.0,0,0
26.10.2022,"69.999,00","69.999,00","69.999,00","69.999,00","4,48",7.0,489.993,489.993
25.10.2022,"67.000,00","67.000,00","67.000,00","67.000,00","0,00",9.0,603.000,603.000
21.10.2022,"67.000,00","67.000,00","67.000,00","67.000,00","0,00",1.0,67.000,67.000
20.10.2022,"67.000,00","67.000,00","67.000,00","67.000,00","0,25",5.0,335.000,335.000
19.10.2022,"66.501,00",,,"66.833,67","0,00",0.0,0,0
18.10.2022,"66.501,00","67.000,00","66.501,00","66.833,67","1,11",3.0,200.501,200.501
17.10.2022,"66.100,00","66.100,00","66.100,00","66.100,00","0,15",1.0,66.100,66.100
14.10.2022,"66.000,00",,,"66.000,00","0,00",0.0,0,0
13.10.2022,"66.000,00",,,"66.000,00","0,00",0.0,0,0
12.10.2022,"66.000,00",,,"66.000,00","0,00",0.0,0,0
10.10.2022,"66.000,00","66.000,00","66.000,00","66.000,00","-0,13",2.0,132.000,132.000
07.10.2022,"66.000,00",,,"66.088,31","0,00",0.0,0,0
06.10.2022,"66.000,00",,,"66.088,31","0,00",0.0,0,0
05.10.2022,"66.000,00",,,"66.088,31","0,00",0.0,0,0
04.10.2022,"66.000,00","67.000,00","66.000,00","66.088,31","-0,37",80.0,5.287.065,5.287.065
03.10.2022,"67.000,00","67.000,00","66.000,00","66.333,33","0,50",3.0,199.000,199.000
30.9.2022,"66.001,00","66.001,00","66.000,00","66.000,05","0,00",37.0,2.442.002,2.442.002
29.9.2022,"66.000,00","66.001,00","66.000,00","66.000,79","0,00",29.0,1.914.023,1.914.023
28.9.2022,"66.000,00",,,"66.000,00","0,00",0.0,0,0
27.9.2022,"66.000,00","66.000,00","66.000,00","66.000,00","-1,49",35.0,2.310.000,2.310.000
26.9.2022,"67.000,00","67.000,00","67.000,00","67.000,00","-1,47",3.0,201.000,201.000
23.9.2022,"68.000,00","68.001,00","68.000,00","68.000,92","0,00",13.0,884.012,884.012
22.9.2022,"68.000,00","68.000,00","68.000,00","68.000,00","0,00",33.0,2.244.000,2.244.000
21.9.2022,"68.000,00","68.000,00","68.000,00","68.000,00","-0,69",36.0,2.448.000,2.448.000
20.9.2022,"68.100,00","68.500,00","68.100,00","68.471,14","-0,07",14.0,958.596,958.596
19.9.2022,"68.501,00",,,"68.517,08","0,00",0.0,0,0
16.9.2022,"68.501,00","68.600,00","68.500,00","68.517,08","-0,70",12.0,822.205,822.205
15.9.2022,"69.000,00","69.000,00","69.000,00","69.000,00","-1,16",8.0,552.000,552.000
14.9.2022,"69.500,00","70.000,00","69.500,00","69.812,08","-0,03",24.0,1.675.490,1.675.490
13.9.2022,"69.999,00","69.999,00","69.500,00","69.832,42","0,31",33.0,2.304.470,2.304.470
12.9.2022,"69.799,00","69.799,00","69.500,00","69.619,60","-1,11",5.0,348.098,348.098
09.9.2022,"70.000,00",,,"70.400,00","0,00",0.0,0,0
07.9.2022,"70.000,00",,,"70.400,00","0,00",0.0,0,0
06.9.2022,"70.000,00","70.600,00","70.000,00","70.400,00","-0,28",9.0,633.600,633.600
05.9.2022,"70.600,00","70.600,00","70.600,00","70.600,00","-0,16",2.0,141.200,141.200
02.9.2022,"70.500,00",,,"70.714,29","0,00",0.0,0,0
01.9.2022,"70.500,00","72.000,00","70.500,00","70.714,29","-1,79",7.0,495.000,495.000
31.8.2022,"72.000,00",,,"72.000,00","0,00",0.0,0,0
30.8.2022,"72.000,00","72.000,00","72.000,00","72.000,00","0,00",2.0,144.000,144.000
29.8.2022,"72.000,00","72.000,00","72.000,00","72.000,00","-0,69",3.0,216.000,216.000
26.8.2022,"72.500,00",,,"72.500,00","0,00",0.0,0,0
25.8.2022,"72.500,00","72.500,00","72.500,00","72.500,00","0,69",5.0,362.500,362.500
24.8.2022,"72.000,00","72.000,00","72.000,00","72.000,00","0,00",7.0,504.000,504.000
23.8.2022,"72.000,00","72.000,00","72.000,00","72.000,00","0,05",3.0,216.000,216.000
22.8.2022,"72.000,00","72.000,00","71.900,00","71.966,67","-0,06",3.0,215.900,215.900
19.8.2022,"72.000,00","72.050,00","72.000,00","72.008,33","0,08",12.0,864.100,864.100
18.8.2022,"72.000,00",,,"71.949,70","0,00",0.0,0,0
17.8.2022,"72.000,00","72.000,00","71.500,00","71.949,70","0,49",50.0,3.597.485,3.597.485
16.8.2022,"72.000,00",,,"71.600,50","0,00",0.0,0,0
15.8.2022,"72.000,00",,,"71.600,50","0,00",0.0,0,15.190.000
12.8.2022,"72.000,00",,,"71.600,50","0,00",0.0,0,0
11.8.2022,"72.000,00",,,"71.600,50","0,00",0.0,0,0
10.8.2022,"72.000,00","72.000,00","71.201,00","71.600,50","0,70",4.0,286.402,286.402
09.8.2022,"71.000,00",,,"71.100,00","0,00",0.0,0,0
08.8.2022,"71.000,00",,,"71.100,00","0,00",0.0,0,0
05.8.2022,"71.000,00",,,"71.100,00","0,00",0.0,0,0
04.8.2022,"71.000,00",,,"71.100,00","0,00",0.0,0,0
03.8.2022,"71.000,00","72.000,00","71.000,00","71.100,00","-1,25",10.0,711.000,711.000
01.8.2022,"72.000,00",,,"71.999,76","0,00",0.0,0,0
29.7.2022,"72.000,00","72.000,00","71.999,00","71.999,76","2,86",21.0,1.511.995,1.511.995
28.7.2022,"69.999,00","69.999,00","69.999,00","69.999,00","0,00",3.0,209.997,209.997
27.7.2022,"70.000,00","70.000,00","70.000,00","70.000,00","-0,01",3.0,210.000,210.000
26.7.2022,"70.001,00","70.005,00","70.001,00","70.003,67","-1,30",3.0,210.011,210.011
25.7.2022,"71.000,00",,,"70.922,86","0,00",0.0,0,0
22.7.2022,"71.000,00",,,"70.922,86","0,00",0.0,0,0
21.7.2022,"71.000,00","71.000,00","70.900,00","70.922,86","1,32",35.0,2.482.300,2.482.300
20.7.2022,"70.000,00","70.000,00","69.985,00","69.997,33","0,50",45.0,3.149.880,3.149.880
19.7.2022,"69.800,00","69.800,00","69.001,00","69.650,19","0,94",16.0,1.114.403,1.114.403
18.7.2022,"69.000,00","69.000,00","69.000,00","69.000,00","0,00",15.0,1.035.000,1.035.000
15.7.2022,"69.000,00","69.000,00","69.000,00","69.000,00","-0,06",4.0,276.000,276.000
14.7.2022,"69.800,00","69.800,00","68.502,00","69.038,10","-0,74",29.0,2.002.105,2.002.105
13.7.2022,"69.009,00",,,"69.550,89","0,00",0.0,0,0
12.7.2022,"69.009,00","69.985,00","69.009,00","69.550,89","-0,76",9.0,625.958,625.958
11.7.2022,"70.000,00","70.500,00","70.000,00","70.083,33","-0,70",12.0,841.000,841.000
08.7.2022,"70.511,00","70.899,00","70.501,00","70.574,27","-0,10",11.0,776.317,776.317
07.7.2022,"70.700,00","70.700,00","70.501,00","70.643,14","-0,41",7.0,494.502,494.502
06.7.2022,"70.500,00",,,"70.937,50","0,00",0.0,0,0
05.7.2022,"70.500,00","71.000,00","70.500,00","70.937,50","-0,08",16.0,1.135.000,1.135.000
04.7.2022,"71.000,00","71.000,00","70.990,00","70.992,86","-0,01",7.0,496.950,496.950
01.7.2022,"71.000,00",,,"71.000,00","0,00",0.0,0,0
30.6.2022,"71.000,00",,,"71.000,00","0,00",0.0,0,0
29.6.2022,"71.000,00","71.000,00","71.000,00","71.000,00","0,00",11.0,781.000,781.000
28.6.2022,"71.000,00","71.000,00","71.000,00","71.000,00","0,00",4.0,284.000,284.000
27.6.2022,"71.000,00","71.000,00","71.000,00","71.000,00","0,06",12.0,852.000,852.000
24.6.2022,"71.000,00","71.000,00","70.001,00","70.958,36","1,36",36.0,2.554.501,2.554.501
23.6.2022,"70.002,00","70.010,00","70.002,00","70.006,00","0,01",4.0,280.024,280.024
22.6.2022,"70.000,00",,,"70.000,00","0,00",0.0,0,0
21.6.2022,"70.000,00","70.000,00","70.000,00","70.000,00","-0,72",2.0,140.000,140.000
20.6.2022,"70.505,00","70.505,00","70.505,00","70.505,00","-4,29",2.0,141.010,141.010
17.6.2022,"73.100,00","74.000,00","73.100,00","73.666,67","1,19",18.0,1.326.000,1.326.000
16.6.2022,"72.802,00","72.802,00","72.800,00","72.800,83","-0,09",12.0,873.610,873.610
15.6.2022,"73.000,00","73.000,00","72.501,00","72.863,91","-0,87",11.0,801.503,15.201.503
14.6.2022,"73.500,00","73.500,00","73.500,00","73.500,00","-0,78",4.0,294.000,294.000
13.6.2022,"74.299,00","74.299,00","74.000,00","74.078,68","-0,36",19.0,1.407.495,1.407.495
09.6.2022,"74.400,00","74.401,00","74.000,00","74.348,26","-0,07",23.0,1.710.010,1.710.010
08.6.2022,"74.401,00","74.401,00","74.401,00","74.401,00","-0,07",100.0,7.440.100,7.440.100
07.6.2022,"74.450,00","74.450,00","74.450,00","74.450,00","-0,04",2.0,148.900,148.900
06.6.2022,"74.998,00","75.000,00","74.400,00","74.479,33","-0,69",63.0,4.692.198,4.692.198
03.6.2022,"75.000,00","75.000,00","75.000,00","75.000,00","0,00",11.0,825.000,825.000
02.6.2022,"75.000,00",,,"75.000,00","0,00",0.0,0,0
01.6.2022,"75.000,00","75.000,00","75.000,00","75.000,00","0,00",9.0,675.000,675.000
31.5.2022,"75.000,00","75.000,00","75.000,00","75.000,00","0,00",1.0,75.000,8.363.000
30.5.2022,"75.000,00",,,"75.000,00","0,00",0.0,0,0
27.5.2022,"75.000,00","75.000,00","75.000,00","75.000,00","-1,32",35.0,2.625.000,2.625.000
26.5.2022,"76.000,00","76.000,00","76.000,00","76.000,00","-0,04",3.0,228.000,228.000
25.5.2022,"76.000,00",,,"76.033,33","0,00",0.0,0,0
23.5.2022,"76.000,00","76.100,00","76.000,00","76.033,33","0,04",6.0,456.200,456.200
20.5.2022,"76.000,00",,,"76.000,00","0,00",0.0,0,0
19.5.2022,"76.000,00",,,"76.000,00","0,00",0.0,0,0
18.5.2022,"76.000,00","76.000,00","76.000,00","76.000,00","0,00",12.0,912.000,912.000
17.5.2022,"76.000,00","76.000,00","76.000,00","76.000,00","-2,36",5.0,380.000,380.000
16.5.2022,"77.999,00",,,"77.832,67","0,00",0.0,0,0
13.5.2022,"77.999,00","77.999,00","77.500,00","77.832,67","-0,21",30.0,2.334.980,2.334.980
12.5.2022,"78.000,00","78.000,00","78.000,00","78.000,00","-0,13",10.0,780.000,780.000
11.5.2022,"78.100,00","78.100,00","78.100,00","78.100,00","0,13",3.0,234.300,234.300
10.5.2022,"78.000,00","78.000,00","78.000,00","78.000,00","0,11",16.0,1.248.000,1.248.000
09.5.2022,"77.500,00","78.000,00","77.500,00","77.916,67","-0,15",12.0,935.000,935.000
06.5.2022,"78.001,00","78.500,00","78.000,00","78.031,72","-1,23",32.0,2.497.015,2.497.015
05.5.2022,"79.000,00","79.002,00","78.999,00","79.001,21","0,00",71.0,5.609.086,5.609.086
04.5.2022,"79.000,00","79.000,00","79.000,00","79.000,00","-0,96",7.0,553.000,553.000
03.5.2022,"79.500,00","80.000,00","79.500,00","79.766,67","0,18",6.0,478.600,478.600
29.4.2022,"80.000,00","80.000,00","77.000,00","79.620,00","5,07",25.0,1.990.500,1.990.500
28.4.2022,"76.000,00","76.000,00","74.500,00","75.775,00","1,71",20.0,1.515.500,1.515.500
27.4.2022,"74.500,00","74.500,00","74.500,00","74.500,00","0,87",22.0,1.639.000,1.639.000
26.4.2022,"74.000,00","74.000,00","73.500,00","73.857,14","0,71",14.0,1.034.000,1.034.000
21.4.2022,"73.500,00","73.500,00","72.500,00","73.333,00","1,15",6.0,439.998,439.998
20.4.2022,"72.500,00","72.500,00","72.500,00","72.500,00","0,00",1.0,72.500,72.500
19.4.2022,"72.500,00","72.500,00","72.500,00","72.500,00","-1,06",5.0,362.500,362.500
18.4.2022,"73.500,00","73.500,00","72.600,00","73.276,00","0,86",25.0,1.831.900,1.831.900
15.4.2022,"72.500,00",,,"72.650,00","0,00",0.0,0,0
14.4.2022,"72.500,00","73.000,00","72.500,00","72.650,00","0,21",10.0,726.500,726.500
13.4.2022,"72.501,00","72.501,00","72.500,00","72.500,97","-1,28",59.0,4.277.557,4.277.557
12.4.2022,"73.000,00","73.500,00","73.000,00","73.444,44","-0,08",9.0,661.000,661.000
11.4.2022,"73.500,00","73.500,00","73.499,00","73.499,59","0,00",29.0,2.131.488,2.131.488
08.4.2022,"73.500,00",,,"73.500,00","0,00",0.0,0,0
07.4.2022,"73.500,00","73.500,00","73.500,00","73.500,00","0,00",48.0,3.528.000,3.528.000
06.4.2022,"73.500,00","73.500,00","73.500,00","73.500,00","0,17",7.0,514.500,514.500
05.4.2022,"73.500,00","73.500,00","72.998,00","73.374,93","1,21",28.0,2.054.498,2.054.498
04.4.2022,"72.500,00","72.500,00","72.500,00","72.500,00","-1,37",5.0,362.500,362.500
01.4.2022,"73.500,00",,,"73.503,33","0,00",0.0,0,0
31.3.2022,"73.500,00","73.510,00","73.500,00","73.503,33","-0,67",6.0,441.020,441.020
30.3.2022,"74.000,00","74.000,00","73.999,00","73.999,20","0,68",5.0,369.996,369.996
29.3.2022,"73.500,00","73.500,00","73.500,00","73.500,00","0,09",1.0,73.500,73.500
28.3.2022,"73.500,00",,,"73.430,62","0,00",0.0,0,0
25.3.2022,"73.500,00","73.500,00","72.400,00","73.430,62","-0,09",16.0,1.174.890,1.174.890
24.3.2022,"73.500,00",,,"73.500,18","0,00",0.0,0,0
23.3.2022,"73.500,00","73.505,00","73.499,00","73.500,18","-0,07",22.0,1.617.004,1.617.004
22.3.2022,"73.555,00","73.600,00","73.510,00","73.555,00","0,07",18.0,1.323.990,1.323.990
21.3.2022,"73.500,00","73.500,00","73.500,00","73.500,00","0,27",10.0,735.000,735.000
18.3.2022,"73.500,00","73.500,00","73.100,00","73.300,00","0,27",4.0,293.200,293.200
17.3.2022,"73.100,00","73.100,00","73.100,00","73.100,00","2,75",2.0,146.200,146.200
16.3.2022,"72.000,00","72.000,00","70.898,00","71.143,89","1,63",18.0,1.280.590,1.280.590
15.3.2022,"70.001,00","70.001,00","70.001,00","70.001,00","-1,27",1.0,70.001,70.001
14.3.2022,"70.900,00",,,"70.900,00","0,00",0.0,0,0
11.3.2022,"70.900,00","70.900,00","70.900,00","70.900,00","0,00",2.0,141.800,141.800
10.3.2022,"70.900,00",,,"70.900,00","0,00",0.0,0,0
09.3.2022,"70.900,00","70.900,00","70.900,00","70.900,00","1,03",1.0,70.900,70.900
08.3.2022,"70.900,00",,,"70.180,00","0,00",0.0,0,0
07.3.2022,"70.900,00","70.900,00","70.000,00","70.180,00","0,26",5.0,350.900,350.900
04.3.2022,"70.000,00","70.000,00","70.000,00","70.000,00","1,16",19.0,1.330.000,1.330.000
03.3.2022,"69.200,00","69.200,00","69.200,00","69.200,00","0,14",2.0,138.400,138.400
02.3.2022,"69.101,00","69.101,00","69.101,00","69.101,00","1,30",7.0,483.707,483.707
01.3.2022,"69.990,00",,,"68.216,67","0,00",0.0,0,0
28.2.2022,"69.990,00","69.990,00","68.000,00","68.216,67","-1,13",21.0,1.432.550,1.432.550
25.2.2022,"70.000,00","70.000,00","68.500,00","68.993,29","0,87",14.0,965.906,965.906
24.2.2022,"68.400,00","68.400,00","68.400,00","68.400,00","-10,00",13.0,889.200,889.200
23.2.2022,"76.000,00",,,"76.000,00","0,00",0.0,0,0
22.2.2022,"76.000,00",,,"76.000,00","0,00",0.0,0,0
21.2.2022,"76.000,00","76.000,00","76.000,00","76.000,00","0,00",48.0,3.648.000,3.648.000
18.2.2022,"76.000,00","76.000,00","76.000,00","76.000,00","-1,30",30.0,2.280.000,2.280.000
17.2.2022,"76.999,00",,,"76.999,00","0,00",0.0,0,0
16.2.2022,"76.999,00","76.999,00","76.999,00","76.999,00","0,00",2.0,153.998,153.998
15.2.2022,"77.000,00","77.000,00","77.000,00","77.000,00","0,00",21.0,1.617.000,1.617.000
14.2.2022,"77.003,00","77.003,00","77.003,00","77.003,00","-0,64",5.0,385.015,385.015
11.2.2022,"77.500,00","77.500,00","77.500,00","77.500,00","-0,03",14.0,1.085.000,1.085.000
10.2.2022,"77.500,00","78.001,00","77.003,00","77.520,72","-0,61",25.0,1.938.018,1.938.018
09.2.2022,"78.000,00","78.000,00","78.000,00","78.000,00","0,28",16.0,1.248.000,1.248.000
08.2.2022,"78.000,00","78.000,00","77.501,00","77.780,41","1,01",34.0,2.644.534,2.644.534
07.2.2022,"77.000,00","77.000,00","77.000,00","77.000,00","0,00",8.0,616.000,616.000
04.2.2022,"77.000,00",,,"77.000,01","0,00",0.0,0,0
03.2.2022,"77.000,00","77.001,00","77.000,00","77.000,01","0,00",199.0,15.323.002,15.323.002
02.2.2022,"77.000,00","77.001,00","77.000,00","77.000,15","0,00",40.0,3.080.006,3.080.006
01.2.2022,"77.000,00","77.000,00","77.000,00","77.000,00","0,00",3.0,231.000,231.000
31.1.2022,"77.000,00","77.000,00","77.000,00","77.000,00","0,00",5.0,385.000,385.000
28.1.2022,"77.000,00","77.000,00","77.000,00","77.000,00","0,35",2.0,154.000,154.000
27.1.2022,"76.301,00","78.000,00","76.000,00","76.730,10","1,09",10.0,767.301,767.301
26.1.2022,"76.000,00","76.000,00","75.000,00","75.900,00","-0,55",10.0,759.000,759.000
25.1.2022,"76.000,00","77.500,00","75.560,00","76.317,95","-2,03",39.0,2.976.400,2.976.400
24.1.2022,"77.500,00","78.001,00","77.500,00","77.896,04","-0,77",48.0,3.739.010,3.739.010
21.1.2022,"78.500,00","78.500,00","78.500,00","78.500,00","-0,38",34.0,2.669.000,2.669.000
20.1.2022,"78.800,00","78.800,00","78.750,00","78.798,03","0,00",38.0,2.994.325,2.994.325
18.1.2022,"78.800,00","78.800,00","78.800,00","78.800,00","-0,08",12.0,945.600,945.600
17.1.2022,"78.999,00","78.999,00","78.800,00","78.866,33","0,03",21.0,1.656.193,1.656.193
14.1.2022,"78.500,00","79.000,00","78.500,00","78.844,02","0,98",45.0,3.547.981,3.547.981
13.1.2022,"78.100,00","78.100,00","78.000,00","78.080,00","-1,12",5.0,390.400,390.400
12.1.2022,"77.505,00","79.000,00","77.505,00","78.961,67","-0,05",39.0,3.079.505,3.079.505
11.1.2022,"79.000,00","79.000,00","79.000,00","79.000,00","-1,32",17.0,1.343.000,1.343.000
10.1.2022,"80.000,00","80.600,00","80.000,00","80.054,55","0,08",11.0,880.600,880.600
05.1.2022,"80.000,00","80.300,00","78.500,00","79.987,04","2,22",81.0,6.478.950,6.478.950
04.1.2022,"78.500,00","78.500,00","78.000,00","78.250,00","0,41",20.0,1.565.000,1.565.000
03.1.2022,"78.000,00","78.000,00","77.900,00","77.928,57","-0,45",7.0,545.500,545.500
30.12.2021,"78.280,00","78.280,00","78.280,00","78.280,00","3,00",1.0,78.280,78.280
29.12.2021,"76.000,00","76.000,00","76.000,00","76.000,00","0,42",20.0,1.520.000,1.520.000
28.12.2021,"76.000,00","76.000,00","75.002,00","75.682,00","0,36",11.0,832.502,832.502
27.12.2021,"76.000,00","76.000,00","75.000,00","75.410,26","0,63",39.0,2.941.000,2.941.000
24.12.2021,"75.000,00","75.000,00","74.500,00","74.938,71","1,27",31.0,2.323.100,2.323.100
23.12.2021,"74.000,00","74.000,00","74.000,00","74.000,00","-0,02",11.0,814.000,814.000
22.12.2021,"74.500,00","74.500,00","74.000,00","74.012,56","0,02",43.0,3.182.540,3.182.540
21.12.2021,"74.000,00","74.000,00","74.000,00","74.000,00","0,00",18.0,1.332.000,1.332.000
20.12.2021,"74.000,00","74.000,00","74.000,00","74.000,00","0,00",1.0,74.000,74.000
17.12.2021,"74.000,00","74.000,00","74.000,00","74.000,00","-1,33",1.0,74.000,74.000
16.12.2021,"74.999,00","75.000,00","74.999,00","74.999,92","0,00",61.0,4.574.995,4.574.995
15.12.2021,"75.000,00","75.000,00","75.000,00","75.000,00","0,38",7.0,525.000,525.000
14.12.2021,"74.700,00","75.000,00","74.500,00","74.717,65","0,29",17.0,1.270.200,1.270.200
13.12.2021,"74.500,00","74.500,00","74.500,00","74.500,00","0,50",13.0,968.500,968.500
10.12.2021,"74.061,00","74.300,00","74.061,00","74.127,53","0,17",15.0,1.111.913,1.111.913
09.12.2021,"74.000,00",,,"74.000,00","0,00",0.0,0,0
07.12.2021,"74.000,00","74.000,00","74.000,00","74.000,00","-0,67",4.0,296.000,296.000
06.12.2021,"74.501,00","74.501,00","74.501,00","74.501,00","-0,07",1.0,74.501,74.501
03.12.2021,"74.500,00",,,"74.554,05","0,00",0.0,0,0
02.12.2021,"74.500,00","75.000,00","74.200,00","74.554,05","-0,67",37.0,2.758.500,2.758.500
01.12.2021,"75.000,00","75.100,00","75.000,00","75.060,00","0,08",5.0,375.300,375.300
30.11.2021,"75.000,00","75.001,00","75.000,00","75.000,11","-1,17",45.0,3.375.005,3.375.005
29.11.2021,"75.500,00",,,"75.888,67","0,00",0.0,0,0
26.11.2021,"75.500,00","76.000,00","75.500,00","75.888,67","-0,21",9.0,682.998,682.998
25.11.2021,"76.999,00","76.999,00","75.900,00","76.045,36","0,06",22.0,1.672.998,1.672.998
24.11.2021,"76.000,00","76.000,00","76.000,00","76.000,00","0,00",4.0,304.000,304.000
23.11.2021,"76.000,00",,,"76.000,00","0,00",0.0,0,0
22.11.2021,"76.000,00","76.000,00","76.000,00","76.000,00","0,00",4.0,304.000,304.000
19.11.2021,"76.000,00","76.001,00","76.000,00","76.000,14","0,00",22.0,1.672.003,1.672.003
18.11.2021,"76.000,00","76.000,00","76.000,00","76.000,00","-0,03",19.0,1.444.000,1.444.000
17.11.2021,"76.000,00","76.100,00","76.000,00","76.022,22","-0,09",27.0,2.052.600,2.052.600
16.11.2021,"76.102,00","76.103,00","76.055,00","76.091,62","0,12",13.0,989.191,989.191
15.11.2021,"76.000,00","76.000,00","76.000,00","76.000,00","-1,27",15.0,1.140.000,1.140.000
12.11.2021,"76.000,00","77.300,00","76.000,00","76.974,00","-0,33",15.0,1.154.610,1.154.610
11.11.2021,"77.995,00","77.995,00","77.000,00","77.226,14","0,29",22.0,1.698.975,1.698.975
10.11.2021,"77.000,00","77.000,00","76.999,00","76.999,71","0,00",24.0,1.847.993,1.847.993
09.11.2021,"77.000,00","77.000,00","76.999,00","76.999,67","-0,03",3.0,230.999,230.999
08.11.2021,"77.000,00","77.100,00","77.000,00","77.023,71","0,03",17.0,1.309.403,1.309.403
05.11.2021,"77.000,00","77.000,00","77.000,00","77.000,00","-2,28",1.0,77.000,77.000
04.11.2021,"78.800,00","78.800,00","78.800,00","78.800,00","0,92",4.0,315.200,315.200
03.11.2021,"78.800,00","78.800,00","78.000,00","78.080,00","0,10",10.0,780.800,780.800
02.11.2021,"78.000,00","78.000,00","78.000,00","78.000,00","-2,25",7.0,546.000,546.000
01.11.2021,"79.053,00",,,"79.798,03","0,00",0.0,0,0
29.10.2021,"79.053,00","80.001,00","79.000,00","79.798,03","2,30",216.0,17.236.374,17.236.374
28.10.2021,"78.003,00","78.003,00","78.000,00","78.000,90","-1,70",10.0,780.009,780.009
27.10.2021,"79.350,00","79.350,00","79.350,00","79.350,00","1,73",1.0,79.350,79.350
26.10.2021,"77.000,00",,,"77.999,67","0,00",0.0,0,0
25.10.2021,"77.000,00","79.499,00","77.000,00","77.999,67","0,88",3.0,233.999,233.999
22.10.2021,"78.000,00","78.000,00","76.000,00","77.321,21","1,14",14.0,1.082.497,1.082.497
21.10.2021,"77.000,00","77.000,00","76.000,00","76.447,52","0,59",21.0,1.605.398,5.405.398
20.10.2021,"76.000,00","76.000,00","76.000,00","76.000,00","1,31",4.0,304.000,304.000
19.10.2021,"75.010,00","75.500,00","75.001,00","75.014,36","0,06",106.0,7.951.522,7.951.522
18.10.2021,"75.000,00","75.001,00","74.800,00","74.969,23","1,24",39.0,2.923.800,2.923.800
15.10.2021,"74.200,00","74.200,00","73.100,00","74.051,28","0,07",39.0,2.888.000,2.888.000
14.10.2021,"74.000,00",,,"74.000,00","0,00",0.0,0,0
13.10.2021,"74.000,00","74.000,00","74.000,00","74.000,00","-1,25",3.0,222.000,222.000
12.10.2021,"74.000,00","75.000,00","74.000,00","74.937,50","-0,12",16.0,1.199.000,1.199.000
08.10.2021,"75.000,00",,,"75.030,50","0,00",0.0,0,0
07.10.2021,"75.000,00",,,"75.030,50","0,00",0.0,0,0
06.10.2021,"75.000,00","75.100,00","75.000,00","75.030,50","0,02",20.0,1.500.610,1.500.610
05.10.2021,"75.012,00","75.013,00","75.012,00","75.012,33","0,00",3.0,225.037,225.037
04.10.2021,"75.010,00","75.010,00","75.010,00","75.010,00","-0,70",1.0,75.010,75.010
01.10.2021,"75.500,00",,,"75.535,17","0,00",0.0,0,0
30.9.2021,"75.500,00","75.561,00","75.500,00","75.535,17","0,05",18.0,1.359.633,1.359.633
29.9.2021,"75.502,00","75.502,00","75.500,00","75.500,75","0,63",8.0,604.006,604.006
28.9.2021,"75.006,00","75.500,00","75.000,00","75.027,30","0,04",124.0,9.303.385,9.303.385
27.9.2021,"74.997,00","74.998,00","74.997,00","74.997,62","0,00",68.0,5.099.838,8.174.756
24.9.2021,"75.000,00",,,"75.000,00","0,00",0.0,0,0
23.9.2021,"75.000,00","75.000,00","75.000,00","75.000,00","0,00",56.0,4.200.000,4.200.000
22.9.2021,"75.000,00","75.000,00","75.000,00","75.000,00","0,18",28.0,2.100.000,2.100.000
21.9.2021,"75.200,00","75.200,00","74.000,00","74.865,07","0,53",43.0,3.219.198,3.219.198
20.9.2021,"74.000,00","75.006,00","74.000,00","74.469,27","-0,97",15.0,1.117.039,1.117.039
17.9.2021,"75.000,00","76.000,00","75.000,00","75.200,00","-1,70",10.0,752.000,752.000
16.9.2021,"76.501,00","76.501,00","76.501,00","76.501,00","-0,55",4.0,306.004,306.004
15.9.2021,"76.898,00","77.000,00","76.898,00","76.927,14","-0,61",14.0,1.076.980,1.076.980
14.9.2021,"77.500,00","77.900,00","77.006,00","77.402,00","0,22",6.0,464.412,464.412
13.9.2021,"77.210,00","77.499,00","77.101,00","77.235,17","-0,15",46.0,3.552.818,3.552.818
10.9.2021,"77.499,00","77.499,00","77.200,00","77.349,50","0,09",4.0,309.398,309.398
09.9.2021,"77.003,00","77.500,00","77.000,00","77.278,11","-0,54",9.0,695.503,695.503
07.9.2021,"77.700,00","77.700,00","77.700,00","77.700,00","0,65",2.0,155.400,155.400
06.9.2021,"77.001,00","77.500,00","77.001,00","77.200,60","0,26",10.0,772.006,772.006
03.9.2021,"77.000,00","77.000,00","77.000,00","77.000,00","0,00",2.0,154.000,154.000
02.9.2021,"77.000,00","77.000,00","77.000,00","77.000,00","-1,28",109.0,8.393.000,8.393.000
01.9.2021,"78.000,00","78.000,00","78.000,00","78.000,00","-2,50",29.0,2.262.000,2.262.000
31.8.2021,"79.997,00","79.997,00","79.997,00","79.997,00","0,00",10.0,799.970,799.970
30.8.2021,"80.000,00",,,"80.000,71","0,00",0.0,0,0
27.8.2021,"80.000,00","80.002,00","80.000,00","80.000,71","-0,07",17.0,1.360.012,1.360.012
26.8.2021,"80.900,00","80.900,00","80.000,00","80.060,52","-2,41",100.0,8.006.052,8.006.052
25.8.2021,"82.000,00","83.000,00","80.512,00","82.038,81","3,05",27.0,2.215.048,2.215.048
24.8.2021,"81.372,00","81.372,00","78.000,00","79.614,08","4,07",143.0,11.384.814,11.384.814
23.8.2021,"76.500,00","76.500,00","76.499,00","76.499,67","0,85",30.0,2.294.990,2.294.990
20.8.2021,"76.000,00","76.000,00","75.499,00","75.856,15","0,49",48.0,3.641.095,3.641.095
19.8.2021,"75.500,00","75.500,00","75.001,00","75.482,76","0,61",58.0,4.378.000,4.378.000
18.8.2021,"75.090,00","75.090,00","75.000,00","75.021,92","0,11",78.0,5.851.710,5.851.710
17.8.2021,"74.900,00","75.010,00","74.900,00","74.938,81","-0,08",32.0,2.398.042,2.398.042
16.8.2021,"75.000,00","75.003,00","75.000,00","75.001,56","0,00",27.0,2.025.042,2.025.042
13.8.2021,"75.001,00","75.001,00","75.000,00","75.000,25","0,00",24.0,1.800.006,1.800.006
12.8.2021,"75.000,00","75.001,00","75.000,00","75.000,03","0,00",65.0,4.875.002,4.875.002
11.8.2021,"75.000,00",,,"75.000,00","0,00",0.0,0,0
10.8.2021,"75.000,00","75.000,00","75.000,00","75.000,00","0,00",1.0,75.000,75.000
09.8.2021,"75.000,00","75.001,00","75.000,00","75.000,12","0,00",16.0,1.200.002,1.200.002
06.8.2021,"75.000,00","75.000,00","74.990,00","74.997,63","1,35",87.0,6.524.794,6.524.794
05.8.2021,"74.000,00","74.000,00","74.000,00","74.000,00","0,00",4.0,296.000,296.000
04.8.2021,"74.000,00","74.000,00","74.000,00","74.000,00","0,00",4.0,296.000,296.000
03.8.2021,"74.000,00","74.000,00","74.000,00","74.000,00","-1,27",2.0,148.000,148.000
30.7.2021,"75.000,00","75.000,00","74.502,00","74.952,57","0,61",21.0,1.574.004,1.574.004
29.7.2021,"74.500,00",,,"74.500,30","0,00",0.0,0,0
28.7.2021,"74.500,00",,,"74.500,30","0,00",0.0,0,0
27.7.2021,"74.500,00","74.501,00","74.500,00","74.500,30","0,00",10.0,745.003,745.003
26.7.2021,"74.500,00",,,"74.500,00","0,00",0.0,0,0
23.7.2021,"74.500,00","74.500,00","74.500,00","74.500,00","0,00",70.0,5.215.000,5.215.000
22.7.2021,"74.500,00","74.500,00","74.500,00","74.500,00","0,00",33.0,2.458.500,2.458.500
21.7.2021,"74.500,00","74.500,00","74.500,00","74.500,00","0,00",17.0,1.266.500,1.266.500
20.7.2021,"74.500,00","74.500,00","74.500,00","74.500,00","0,00",12.0,894.000,894.000
19.7.2021,"74.500,00","74.500,00","74.500,00","74.500,00","0,00",2.0,149.000,149.000
16.7.2021,"74.501,00","74.501,00","74.500,00","74.500,97","0,00",29.0,2.160.528,2.160.528
15.7.2021,"74.500,00","74.500,00","74.500,00","74.500,00","-0,08",2.0,149.000,149.000
14.7.2021,"74.501,00","74.999,00","74.500,00","74.557,95","-0,59",87.0,6.486.542,6.486.542
13.7.2021,"75.000,00",,,"74.999,62","0,00",0.0,0,0
12.7.2021,"75.000,00",,,"74.999,62","0,00",0.0,0,0
09.7.2021,"75.000,00","75.000,00","74.998,00","74.999,62","0,00",8.0,599.997,599.997
08.7.2021,"74.999,00","75.000,00","74.995,00","74.997,83","0,73",12.0,899.974,899.974
07.7.2021,"74.000,00","75.000,00","74.000,00","74.453,12","-0,10",32.0,2.382.500,2.382.500
06.7.2021,"75.000,00",,,"74.526,00","0,00",0.0,0,0
05.7.2021,"75.000,00",,,"74.526,00","0,00",0.0,0,0
02.7.2021,"75.000,00","75.000,00","74.052,00","74.526,00","-1,29",20.0,1.490.520,1.490.520
01.7.2021,"75.500,00","75.500,00","75.500,00","75.500,00","-0,91",5.0,377.500,377.500
30.6.2021,"76.000,00",,,"76.196,92","0,00",0.0,0,0
29.6.2021,"76.000,00","76.999,00","73.000,00","76.196,92","4,38",115.0,8.762.646,8.762.646
28.6.2021,"73.000,00","73.000,00","72.998,00","72.999,36","0,07",25.0,1.824.984,1.824.984
25.6.2021,"72.998,00",,,"72.949,40","0,00",0.0,0,0
24.6.2021,"72.998,00",,,"72.949,40","0,00",0.0,0,0
23.6.2021,"72.998,00","73.000,00","72.500,00","72.949,40","-0,07",20.0,1.458.988,1.458.988
22.6.2021,"73.000,00","73.000,00","73.000,00","73.000,00","0,00",3.0,219.000,219.000
21.6.2021,"73.000,00","73.000,00","73.000,00","73.000,00","0,00",3.0,219.000,219.000
17.6.2021,"73.000,00","73.000,00","73.000,00","73.000,00","0,07",3.0,219.000,219.000
16.6.2021,"72.950,00","72.950,00","72.950,00","72.950,00","-0,03",1.0,72.950,72.950
15.6.2021,"72.950,00","73.000,00","72.950,00","72.975,00","-2,96",4.0,291.900,291.900
14.6.2021,"75.200,00","75.200,00","75.200,00","75.200,00","0,00",2.0,150.400,150.400
11.6.2021,"75.202,00","75.998,00","75.000,00","75.200,95","0,27",62.0,4.662.459,4.662.459
10.6.2021,"75.000,00","75.000,00","75.000,00","75.000,00","0,41",12.0,900.000,900.000
09.6.2021,"75.000,00","75.000,00","74.010,00","74.692,24","0,94",29.0,2.166.075,5.792.075
08.6.2021,"74.000,00","74.000,00","74.000,00","74.000,00","0,00",3.0,222.000,222.000
07.6.2021,"74.000,00","74.000,00","74.000,00","74.000,00","-0,02",75.0,5.550.000,5.550.000
04.6.2021,"74.000,00","74.050,00","74.000,00","74.016,67","-0,05",9.0,666.150,666.150
03.6.2021,"74.052,00","74.053,00","74.045,00","74.050,00","0,06",12.0,888.600,888.600
02.6.2021,"74.004,00","74.004,00","74.001,00","74.002,61","-0,47",31.0,2.294.081,2.294.081
01.6.2021,"74.001,00","74.999,00","74.001,00","74.355,59","0,34",39.0,2.899.868,2.899.868
31.5.2021,"74.103,00","74.110,00","74.103,00","74.104,27","0,01",11.0,815.147,815.147
28.5.2021,"74.100,00","74.100,00","74.100,00","74.100,00","-1,17",2.0,148.200,148.200
27.5.2021,"74.100,00","75.002,00","74.100,00","74.978,32","-0,15",40.0,2.999.133,2.999.133
26.5.2021,"75.005,00","75.500,00","75.000,00","75.094,30","-1,19",27.0,2.027.546,2.027.546
25.5.2021,"75.800,00",,,"75.998,88","0,00",0.0,0,0
21.5.2021,"75.800,00","76.800,00","74.077,00","75.998,88","3,11",48.0,3.647.946,3.647.946
20.5.2021,"74.000,00","74.000,00","73.500,00","73.708,25","0,97",12.0,884.499,884.499
19.5.2021,"73.001,00","73.001,00","72.999,00","73.000,00","0,00",47.0,3.431.000,3.431.000
18.5.2021,"73.000,00","73.000,00","73.000,00","73.000,00","0,00",8.0,584.000,584.000
17.5.2021,"73.000,00","73.001,00","73.000,00","73.000,17","0,00",12.0,876.002,876.002
14.5.2021,"73.000,00","73.000,00","73.000,00","73.000,00","0,00",18.0,1.314.000,1.314.000
12.5.2021,"73.000,00","73.000,00","73.000,00","73.000,00","0,00",7.0,511.000,511.000
11.5.2021,"73.000,00","73.000,00","73.000,00","73.000,00","0,00",17.0,1.241.000,1.241.000
10.5.2021,"73.000,00","73.000,00","73.000,00","73.000,00","0,00",28.0,2.044.000,2.044.000
07.5.2021,"73.000,00","73.000,00","73.000,00","73.000,00","0,03",10.0,730.000,730.000
06.5.2021,"72.950,00","73.000,00","72.000,00","72.977,66","-0,71",47.0,3.429.950,3.429.950
05.5.2021,"73.500,00","73.500,00","73.492,00","73.496,50","0,00",78.0,5.732.727,5.732.727
04.5.2021,"73.495,00","73.495,00","73.495,00","73.495,00","0,01",10.0,734.950,734.950
29.4.2021,"73.500,00","73.500,00","73.399,00","73.489,52","0,45",67.0,4.923.798,4.923.798
28.4.2021,"73.001,00","73.250,00","73.001,00","73.161,07","0,22",14.0,1.024.255,1.024.255
27.4.2021,"73.000,00","73.000,00","73.000,00","73.000,00","0,00",12.0,876.000,876.000
26.4.2021,"73.000,00","73.000,00","73.000,00","73.000,00","0,00",112.0,8.176.000,8.176.000
23.4.2021,"73.000,00","73.000,00","73.000,00","73.000,00","0,00",34.0,2.482.000,2.482.000
22.4.2021,"73.000,00","73.000,00","73.000,00","73.000,00","0,34",36.0,2.628.000,2.628.000
21.4.2021,"73.000,00","73.000,00","72.557,00","72.753,64","-0,34",50.0,3.637.682,3.637.682
20.4.2021,"73.000,00","73.000,00","73.000,00","73.000,00","0,00",15.0,1.095.000,1.095.000
19.4.2021,"73.000,00","73.000,00","73.000,00","73.000,00","-0,14",41.0,2.993.000,2.993.000
16.4.2021,"73.250,00","73.250,00","73.000,00","73.099,90","-0,35",10.0,730.999,730.999
15.4.2021,"73.390,00","73.400,00","73.000,00","73.353,29","0,71",21.0,1.540.419,1.540.419
14.4.2021,"73.200,00","73.200,00","72.000,00","72.834,57","1,16",46.0,3.350.390,3.350.390
13.4.2021,"72.000,00","72.000,00","72.000,00","72.000,00","0,00",1.0,72.000,72.000
12.4.2021,"72.000,00","72.000,00","72.000,00","72.000,00","-0,07",18.0,1.296.000,1.296.000
09.4.2021,"72.001,00","72.100,00","72.001,00","72.048,14","0,07",21.0,1.513.011,1.513.011
08.4.2021,"72.000,00","72.000,00","72.000,00","72.000,00","0,00",3.0,216.000,216.000
07.4.2021,"72.000,00",,,"72.000,40","0,00",0.0,0,0
06.4.2021,"72.000,00","72.002,00","72.000,00","72.000,40","0,00",20.0,1.440.008,1.440.008
05.4.2021,"72.001,00","72.001,00","72.001,00","72.001,00","-0,69",10.0,720.010,720.010
02.4.2021,"72.500,00","72.500,00","72.500,00","72.500,00","0,00",8.0,580.000,580.000
01.4.2021,"72.500,00","72.500,00","72.500,00","72.500,00","0,69",7.0,507.500,507.500
31.3.2021,"72.001,00","72.001,00","72.000,00","72.000,04","0,00",50.0,3.600.002,3.600.002
30.3.2021,"72.000,00",,,"72.000,00","0,00",0.0,0,0
29.3.2021,"72.000,00","72.000,00","72.000,00","72.000,00","0,00",22.0,1.584.000,1.584.000
26.3.2021,"72.001,00","72.001,00","72.001,00","72.001,00","0,00",30.0,2.160.030,2.160.030
25.3.2021,"72.000,00","72.000,00","72.000,00","72.000,00","-0,92",2.0,144.000,144.000
24.3.2021,"73.000,00","73.000,00","72.500,00","72.666,67","0,23",3.0,218.000,218.000
23.3.2021,"72.500,00","72.700,00","72.500,00","72.503,39","0,00",59.0,4.277.700,4.277.700
22.3.2021,"72.500,00","72.502,00","72.500,00","72.500,29","-0,40",24.0,1.740.007,1.740.007
19.3.2021,"73.000,00","73.000,00","72.700,00","72.788,24","0,14",17.0,1.237.400,1.237.400
18.3.2021,"72.700,00","72.700,00","72.500,00","72.687,42","0,43",159.0,11.557.300,11.557.300
17.3.2021,"72.500,00","72.500,00","72.001,00","72.375,25","-0,17",12.0,868.503,868.503
16.3.2021,"72.500,00","72.500,00","72.500,00","72.500,00","0,69",17.0,1.232.500,1.232.500
15.3.2021,"72.004,00","72.004,00","72.004,00","72.004,00","0,01",24.0,1.728.096,1.728.096
12.3.2021,"72.000,00","72.000,00","72.000,00","72.000,00","0,70",100.0,7.200.000,7.200.000
11.3.2021,"71.500,00","71.500,00","71.500,00","71.500,00","-0,66",1.0,71.500,71.500
10.3.2021,"72.000,00","72.000,00","71.550,00","71.977,32","-0,03",40.0,2.879.093,2.879.093
09.3.2021,"72.000,00","72.000,00","72.000,00","72.000,00","0,00",16.0,1.152.000,1.152.000
08.3.2021,"72.000,00",,,"72.000,00","0,00",0.0,0,0
05.3.2021,"72.000,00","72.000,00","72.000,00","72.000,00","0,70",35.0,2.520.000,2.520.000
04.3.2021,"71.500,00","71.500,00","71.500,00","71.500,00","-0,69",8.0,572.000,572.000
03.3.2021,"72.000,00","72.000,00","72.000,00","72.000,00","1,15",5.0,360.000,360.000
02.3.2021,"72.000,00","72.000,00","71.000,00","71.178,57","0,25",14.0,996.500,996.500
01.3.2021,"71.000,00","71.001,00","71.000,00","71.000,01","0,00",101.0,7.171.001,7.171.001
26.2.2021,"71.000,00","71.000,00","71.000,00","71.000,00","-2,74",1.0,71.000,71.000
25.2.2021,"73.000,00","73.000,00","73.000,00","73.000,00","-0,40",11.0,803.000,803.000
24.2.2021,"72.600,00","73.500,00","72.500,00","73.294,74","0,25",19.0,1.392.600,1.392.600
23.2.2021,"73.000,00","73.500,00","73.000,00","73.111,33","-0,53",9.0,658.002,658.002
22.2.2021,"73.500,00","73.500,00","73.500,00","73.500,00","-0,68",2.0,147.000,147.000
19.2.2021,"74.000,00","74.000,00","74.000,00","74.000,00","-0,60",10.0,740.000,740.000
18.2.2021,"74.000,00",,,"74.449,90","0,00",0.0,0,0
17.2.2021,"74.000,00","74.500,00","74.000,00","74.449,90","0,61",10.0,744.499,744.499
16.2.2021,"74.000,00",,,"74.000,00","0,00",0.0,0,0
15.2.2021,"74.000,00","74.000,00","74.000,00","74.000,00","0,39",17.0,1.258.000,16.365.600
12.2.2021,"74.000,00","74.000,00","73.500,00","73.714,29","-0,30",112.0,8.256.000,8.256.000
11.2.2021,"74.000,00","74.000,00","73.501,00","73.937,38","0,59",24.0,1.774.497,23.581.997
10.2.2021,"74.000,00","74.000,00","73.500,00","73.504,50","0,63",111.0,8.159.000,8.159.000
09.2.2021,"73.000,00","73.500,00","73.000,00","73.044,12","0,06",68.0,4.967.000,4.967.000
08.2.2021,"73.000,00","73.000,00","73.000,00","73.000,00","0,27",11.0,803.000,803.000
05.2.2021,"73.000,00","73.000,00","72.600,00","72.805,44","-0,27",41.0,2.985.023,2.985.023
04.2.2021,"73.000,00","73.000,00","73.000,00","73.000,00","-0,05",20.0,1.460.000,1.460.000
03.2.2021,"73.000,00","73.499,00","73.000,00","73.037,42","-0,63",40.0,2.921.497,2.921.497
02.2.2021,"73.500,00","73.500,00","73.500,00","73.500,00","0,00",1.0,73.500,73.500
01.2.2021,"73.500,00","73.500,00","73.500,00","73.500,00","0,00",1.0,73.500,73.500
29.1.2021,"73.500,00","73.500,00","73.500,00","73.500,00","-0,68",13.0,955.500,955.500
28.1.2021,"74.000,00","74.000,00","74.000,00","74.000,00","-0,37",3.0,222.000,222.000
27.1.2021,"74.500,00",,,"74.277,78","0,00",0.0,0,0
26.1.2021,"74.500,00",,,"74.277,78","0,00",0.0,0,0
25.1.2021,"74.500,00","74.500,00","74.000,00","74.277,78","0,38",18.0,1.337.000,1.337.000
22.1.2021,"74.000,00","74.000,00","74.000,00","74.000,00","0,63",7.0,518.000,518.000
21.1.2021,"74.500,00","74.500,00","73.010,00","73.533,91","0,47",134.0,9.853.544,9.853.544
20.1.2021,"73.002,00","74.994,00","73.000,00","73.191,87","0,26",141.0,10.320.054,10.320.054
18.1.2021,"73.000,00",,,"73.000,00","0,00",0.0,0,0
15.1.2021,"73.000,00","73.000,00","73.000,00","73.000,00","-0,68",90.0,6.570.000,6.570.000
14.1.2021,"73.000,00","74.000,00","73.000,00","73.499,65","0,00",26.0,1.910.991,1.910.991
13.1.2021,"73.499,00","73.499,00","73.499,00","73.499,00","1,97",4.0,293.996,293.996
12.1.2021,"72.001,00","73.000,00","72.000,00","72.077,12","-2,60",26.0,1.874.005,1.874.005
11.1.2021,"74.000,00","74.000,00","74.000,00","74.000,00","-0,80",10.0,740.000,740.000
08.1.2021,"74.500,00","74.886,00","74.500,00","74.596,36","-0,13",28.0,2.088.698,2.088.698
05.1.2021,"74.000,00","74.999,00","74.000,00","74.691,30","0,98",64.0,4.780.243,4.780.243
04.1.2021,"73.950,00","73.999,00","73.950,00","73.966,33","0,46",3.0,221.899,221.899
30.12.2020,"73.000,00","74.000,00","72.753,00","73.626,32","1,66",88.0,6.479.116,6.479.116
29.12.2020,"73.000,00","74.000,00","72.000,00","72.425,96","3,38",128.0,9.270.523,9.270.523
28.12.2020,"71.000,00","71.000,00","69.000,00","70.055,56","2,27",54.0,3.783.000,3.783.000
25.12.2020,"68.500,00","68.500,00","68.500,00","68.500,00","1,74",8.0,548.000,548.000
24.12.2020,"67.500,00","68.000,00","67.000,00","67.328,12","0,49",32.0,2.154.500,2.154.500
23.12.2020,"67.000,00","67.000,00","67.000,00","67.000,00","-1,35",337.0,22.579.000,22.579.000
22.12.2020,"67.500,00",,,"67.918,42","0,00",0.0,0,0
21.12.2020,"67.500,00","68.000,00","67.500,00","67.918,42","1,01",38.0,2.580.900,2.580.900
18.12.2020,"67.899,00","67.899,00","67.200,00","67.238,83","-0,39",144.0,9.682.392,9.682.392
17.12.2020,"67.500,00",,,"67.500,00","0,00",0.0,0,0
16.12.2020,"67.500,00","67.500,00","67.500,00","67.500,00","0,67",2.0,135.000,135.000
15.12.2020,"67.050,00","67.050,00","67.050,00","67.050,00","0,07",7.0,469.350,469.350
14.12.2020,"67.001,00","67.001,00","67.000,00","67.000,17","-0,42",29.0,1.943.005,1.943.005
11.12.2020,"67.100,00",,,"67.281,25","0,00",0.0,0,0
10.12.2020,"67.100,00","67.700,00","67.100,00","67.281,25","-0,63",32.0,2.153.000,2.153.000
09.12.2020,"67.700,00","68.000,00","67.699,00","67.706,51","-1,87",92.0,6.228.999,6.228.999
07.12.2020,"68.999,00",,,"68.999,00","0,00",0.0,0,0
04.12.2020,"68.999,00","68.999,00","68.999,00","68.999,00","0,73",1.0,68.999,68.999
03.12.2020,"68.500,00",,,"68.500,00","0,00",0.0,0,0
02.12.2020,"68.500,00",,,"68.500,00","0,00",0.0,0,0
01.12.2020,"68.500,00","68.500,00","68.500,00","68.500,00","-1,44",1.0,68.500,68.500
30.11.2020,"69.500,00","69.500,00","69.500,00","69.500,00","-0,71",1.0,69.500,69.500
27.11.2020,"70.000,00","70.000,00","69.998,00","69.998,91","0,00",11.0,769.988,769.988
26.11.2020,"69.998,00",,,"69.999,72","0,00",0.0,0,0
25.11.2020,"69.998,00",,,"69.999,72","0,00",0.0,0,0
24.11.2020,"69.998,00","70.000,00","69.998,00","69.999,72","0,90",18.0,1.259.995,1.259.995
23.11.2020,"69.500,00","69.990,00","69.000,00","69.373,33","-0,18",12.0,832.480,832.480
20.11.2020,"69.500,00","69.500,00","69.500,00","69.500,00","1,46",22.0,1.529.000,1.529.000
19.11.2020,"68.500,00","68.500,00","68.500,00","68.500,00","0,00",16.0,1.096.000,1.096.000
18.11.2020,"68.500,00","68.500,00","68.500,00","68.500,00","0,00",5.0,342.500,342.500
17.11.2020,"68.500,00","68.500,00","68.500,00","68.500,00","0,00",1.0,68.500,68.500
16.11.2020,"68.500,00","68.500,00","68.500,00","68.500,00","-0,07",1.0,68.500,68.500
13.11.2020,"69.000,00",,,"68.550,20","0,00",0.0,0,0
12.11.2020,"69.000,00",,,"68.550,20","0,00",0.0,0,0
11.11.2020,"69.000,00",,,"68.550,20","0,00",0.0,0,0
10.11.2020,"69.000,00","69.000,00","68.000,00","68.550,20","0,16",20.0,1.371.004,1.371.004
09.11.2020,"68.500,00","68.500,00","68.400,00","68.441,67","3,70",12.0,821.300,821.300
03.11.2017,"28.500,00","28.500,00","28.500,00","28.500,00","0,00",3.0,85.500,85.500
02.11.2017,"28.500,00",,,"28.499,50","0,00",0.0,0,0
01.11.2017,"28.500,00","28.500,00","28.499,00","28.499,50","1,18",20.0,569.990,569.990
31.10.2017,"28.300,00",,,"28.166,67","0,00",0.0,0,0
30.10.2017,"28.300,00","28.300,00","28.000,00","28.166,67","0,60",9.0,253.500,253.500
27.10.2017,"28.000,00","28.000,00","28.000,00","28.000,00","0,00",6.0,168.000,168.000
26.10.2017,"28.000,00","28.000,00","27.999,00","27.999,57","0,00",7.0,195.997,195.997
25.10.2017,"28.000,00","28.000,00","28.000,00","28.000,00","0,00",5.0,140.000,1.380.888
24.10.2017,"28.000,00","28.000,00","28.000,00","28.000,00","-0,12",1.0,28.000,28.000
20.10.2017,"28.000,00","28.200,00","28.000,00","28.032,26","-0,95",31.0,869.000,26.814.840
19.10.2017,"28.200,00","28.600,00","28.200,00","28.300,14","-1,61",28.0,792.404,5.021.304
18.10.2017,"28.600,00","28.999,00","28.600,00","28.762,56","0,57",27.0,776.589,776.589
17.10.2017,"28.600,00","28.600,00","28.600,00","28.600,00","-1,38",5.0,143.000,143.000
16.10.2017,"29.000,00","29.000,00","29.000,00","29.000,00","-1,04",11.0,319.000,319.000
13.10.2017,"29.300,00","29.350,00","29.300,00","29.305,26","0,20",19.0,556.800,1.556.820
12.10.2017,"29.300,00",,,"29.247,62","0,00",0.0,0,0
10.10.2017,"29.300,00","29.300,00","29.000,00","29.247,62","0,85",21.0,614.200,614.200
09.10.2017,"29.000,00","29.000,00","29.000,00","29.000,00","-0,15",2.0,58.000,58.000
06.10.2017,"29.100,00","29.100,00","28.700,00","29.044,86","1,91",22.0,638.987,638.987
05.10.2017,"28.500,00","28.500,00","28.500,00","28.500,00","-2,06",31.0,883.500,883.500
04.10.2017,"29.100,00","29.100,00","29.100,00","29.100,00","-3,00",11.0,320.100,320.100
03.10.2017,"30.000,00","30.000,00","30.000,00","30.000,00","2,04",3.0,90.000,90.000
02.10.2017,"29.400,00",,,"29.400,00","0,00",0.0,0,0
29.9.2017,"29.400,00","29.400,00","29.400,00","29.400,00","-2,97",4.0,117.600,117.600
28.9.2017,"30.300,00",,,"30.300,00","0,00",0.0,0,0
27.9.2017,"30.300,00","30.300,00","30.300,00","30.300,00","-0,39",10.0,303.000,303.000
26.9.2017,"30.300,00","30.900,00","30.299,00","30.418,20","-1,87",30.0,912.546,912.546
25.9.2017,"31.000,00","31.000,00","30.999,00","30.999,42","2,64",24.0,743.986,743.986
22.9.2017,"30.201,00","30.201,00","30.201,00","30.201,00","-2,58",4.0,120.804,120.804
21.9.2017,"31.000,00",,,"30.999,85","0,00",0.0,0,0
20.9.2017,"31.000,00","31.000,00","30.999,00","30.999,85","0,00",68.0,2.107.990,2.107.990
19.9.2017,"31.000,00","31.000,00","31.000,00","31.000,00","0,02",21.0,651.000,9.100.500
18.9.2017,"31.000,00","31.000,00","30.979,00","30.994,68","-0,02",31.0,960.835,960.835
15.9.2017,"31.000,00","31.000,00","30.999,00","30.999,86","0,24",22.0,681.997,681.997
14.9.2017,"30.800,00","31.000,00","30.800,00","30.926,32","-0,24",19.0,587.600,587.600
13.9.2017,"31.000,00","31.000,00","30.999,00","30.999,91","0,07",57.0,1.766.995,1.766.995
12.9.2017,"31.000,00","31.000,00","30.900,00","30.977,83","-0,06",23.0,712.490,712.490
11.9.2017,"30.950,00","31.000,00","30.950,00","30.996,15","-0,01",91.0,2.820.650,2.820.650
07.9.2017,"31.000,00","31.000,00","31.000,00","31.000,00","-0,01",51.0,1.581.000,1.581.000
06.9.2017,"31.140,00","31.140,00","31.000,00","31.003,36","0,01",125.0,3.875.420,3.875.420
05.9.2017,"31.000,00","31.000,00","31.000,00","31.000,00","0,00",18.0,558.000,558.000
04.9.2017,"31.000,00","31.000,00","31.000,00","31.000,00","0,06",23.0,713.000,713.000
01.9.2017,"30.800,00","31.000,00","30.800,00","30.981,82","-0,06",22.0,681.600,681.600
31.8.2017,"30.999,00","31.000,00","30.999,00","30.999,25","0,65",4.0,123.997,123.997
30.8.2017,"30.800,00","30.800,00","30.800,00","30.800,00","-0,14",1.0,30.800,30.800
29.8.2017,"31.000,00","31.000,00","30.612,00","30.842,32","0,18",31.0,956.112,956.112
25.8.2017,"30.700,00","30.800,00","30.700,00","30.786,96","-0,04",23.0,708.100,71.038.100
24.8.2017,"30.800,00",,,"30.800,00","0,00",0.0,0,0
23.8.2017,"30.800,00","30.800,00","30.800,00","30.800,00","0,00",11.0,338.800,338.800
22.8.2017,"30.800,00","30.800,00","30.800,00","30.800,00","-0,65",33.0,1.016.400,1.016.400
21.8.2017,"31.000,00",,,"31.000,50","0,00",0.0,0,0
18.8.2017,"31.000,00",,,"31.000,50","0,00",0.0,0,0
17.8.2017,"31.000,00","31.004,00","31.000,00","31.000,50","-0,01",32.0,992.016,992.016
16.8.2017,"31.004,00","31.004,00","31.004,00","31.004,00","0,01",3.0,93.012,93.012
15.8.2017,"31.000,00","31.000,00","31.000,00","31.000,00","-0,03",11.0,341.000,341.000
14.8.2017,"31.200,00","31.200,00","31.000,00","31.009,52","-0,61",21.0,651.200,651.200
11.8.2017,"31.200,00","31.200,00","31.200,00","31.200,00","0,23",15.0,468.000,468.000
10.8.2017,"31.200,00","31.200,00","31.000,00","31.129,03","0,84",31.0,965.000,965.000
09.8.2017,"30.870,00","30.870,00","30.870,00","30.870,00","0,01",6.0,185.220,185.220
08.8.2017,"31.201,00",,,"30.868,06","0,00",0.0,0,0
07.8.2017,"31.201,00","31.201,00","30.500,00","30.868,06","2,89",31.0,956.910,956.910
04.8.2017,"30.000,00","30.000,00","30.000,00","30.000,00","0,15",5.0,150.000,5.811.400
03.8.2017,"30.000,00",,,"29.955,56","0,00",0.0,0,0
01.8.2017,"30.000,00","30.000,00","29.900,00","29.955,56","0,20",18.0,539.200,539.200
31.7.2017,"30.000,00","30.000,00","29.201,00","29.897,13","-0,34",78.0,2.331.976,2.331.976
28.7.2017,"30.000,00","30.000,00","30.000,00","30.000,00","-0,66",2.0,60.000,60.000
27.7.2017,"30.200,00",,,"30.200,00","0,00",0.0,0,0
26.7.2017,"30.200,00","30.200,00","30.200,00","30.200,00","-2,99",6.0,181.200,181.200
25.7.2017,"31.000,00","31.930,00","30.999,00","31.132,39","0,43",41.0,1.276.428,1.276.428
24.7.2017,"31.000,00","31.001,00","31.000,00","31.000,14","3,71",35.0,1.085.005,1.085.005
21.7.2017,"30.340,00","30.340,00","29.001,00","29.891,18","1,48",40.0,1.195.647,1.195.647
20.7.2017,"29.500,00","29.500,00","29.300,00","29.456,52","1,58",23.0,677.500,677.500
19.7.2017,"29.000,00","29.000,00","28.990,00","28.998,85","1,75",40.0,1.159.954,1.159.954
18.7.2017,"28.500,00","28.500,00","28.500,00","28.500,00","0,00",3.0,85.500,85.500
17.7.2017,"28.500,00","28.500,00","28.500,00","28.500,00","0,79",1.0,28.500,28.500
14.7.2017,"28.500,00","28.500,00","28.010,00","28.277,27","-0,14",22.0,622.100,622.100
13.7.2017,"28.500,00","28.500,00","28.000,00","28.318,18","1,61",11.0,311.500,311.500
12.7.2017,"28.100,00","28.100,00","27.500,00","27.870,84","2,62",167.0,4.654.430,6.278.430
11.7.2017,"27.160,00","27.160,00","27.160,00","27.160,00","-3,00",3.0,81.480,81.480
10.7.2017,"28.000,00",,,"28.000,00","0,00",0.0,0,0
07.7.2017,"28.000,00","28.000,00","28.000,00","28.000,00","0,00",77.0,2.156.000,2.156.000
06.7.2017,"28.000,00","28.000,00","28.000,00","28.000,00","0,00",76.0,2.128.000,2.128.000
05.7.2017,"28.000,00","28.000,00","28.000,00","28.000,00","0,72",31.0,868.000,868.000
04.7.2017,"28.000,00",,,"27.800,80","0,00",0.0,0,1.618.080
03.7.2017,"28.000,00","28.000,00","27.502,00","27.800,80","-0,71",5.0,139.004,139.004
30.6.2017,"28.000,00","28.000,00","28.000,00","28.000,00","-1,75",14.0,392.000,392.000
29.6.2017,"28.500,00",,,"28.500,00","0,00",0.0,0,0
28.6.2017,"28.500,00","28.500,00","28.500,00","28.500,00","0,16",2.0,57.000,1.078.311
27.6.2017,"28.500,00","28.500,00","28.000,00","28.454,55","1,62",11.0,313.000,313.000
23.6.2017,"28.000,00","28.000,00","28.000,00","28.000,00","0,00",11.0,308.000,308.000
22.6.2017,"28.000,00","28.000,00","28.000,00","28.000,00","0,00",25.0,700.000,700.000
21.6.2017,"28.000,00","28.000,00","28.000,00","28.000,00","0,00",71.0,1.988.000,1.988.000
20.6.2017,"28.000,00","28.000,00","28.000,00","28.000,00","0,00",19.0,532.000,532.000
19.6.2017,"28.000,00",,,"28.000,00","0,00",0.0,0,0
16.6.2017,"28.000,00","28.000,00","28.000,00","28.000,00","-0,15",32.0,896.000,896.000
15.6.2017,"28.500,00","28.500,00","28.001,00","28.041,64","0,14",25.0,701.041,701.041
14.6.2017,"28.000,00","28.003,00","28.000,00","28.001,82","-0,04",28.0,784.051,784.051
13.6.2017,"28.000,00","28.030,00","28.000,00","28.013,53","0,05",19.0,532.257,532.257
12.6.2017,"28.000,00","28.000,00","28.000,00","28.000,00","0,00",4.0,112.000,112.000
09.6.2017,"28.000,00",,,"27.999,33","0,00",0.0,0,0
08.6.2017,"28.000,00","28.000,00","27.999,00","27.999,33","1,73",15.0,419.990,419.990
07.6.2017,"27.600,00","27.600,00","27.500,00","27.522,22","0,08",18.0,495.400,495.400
06.6.2017,"27.500,00","27.500,00","27.500,00","27.500,00","0,00",28.0,770.000,770.000
05.6.2017,"27.500,00","27.500,00","27.500,00","27.500,00","0,00",7.0,192.500,192.500
01.6.2017,"27.500,00","27.500,00","27.498,00","27.499,72","0,00",61.0,1.677.483,1.677.483
31.5.2017,"27.500,00","27.500,00","27.499,00","27.499,55","0,00",11.0,302.495,302.495
30.5.2017,"27.500,00","27.500,00","27.500,00","27.500,00","1,85",10.0,275.000,275.000
29.5.2017,"27.000,00",,,"27.000,36","0,00",0.0,0,0
26.5.2017,"27.000,00","27.001,00","27.000,00","27.000,36","0,00",14.0,378.005,378.005
25.5.2017,"27.000,00","27.000,00","27.000,00","27.000,00","0,00",6.0,162.000,162.000
23.5.2017,"27.000,00","27.000,00","27.000,00","27.000,00","-1,64",6.0,162.000,162.000
22.5.2017,"27.450,00",,,"27.450,00","0,00",0.0,0,0
19.5.2017,"27.450,00","27.450,00","27.450,00","27.450,00","3,58",5.0,137.250,137.250
18.5.2017,"26.501,00",,,"26.500,50","0,00",0.0,0,0
17.5.2017,"26.501,00",,,"26.500,50","0,00",0.0,0,0
16.5.2017,"26.501,00","26.501,00","26.500,00","26.500,50","-0,10",4.0,106.002,106.002
15.5.2017,"26.514,00","26.550,00","26.512,00","26.528,17","-0,08",12.0,318.338,318.338
12.5.2017,"26.550,00","26.550,00","26.550,00","26.550,00","-1,67",7.0,185.850,185.850
11.5.2017,"27.000,00","27.000,00","27.000,00","27.000,00","-1,82",5.0,135.000,135.000
10.5.2017,"27.500,00",,,"27.500,00","0,00",0.0,0,0
09.5.2017,"27.500,00",,,"27.500,00","0,00",0.0,0,0
08.5.2017,"27.500,00","27.500,00","27.500,00","27.500,00","1,81",11.0,302.500,302.500
05.5.2017,"27.000,00",,,"27.011,39","0,00",0.0,0,0
04.5.2017,"27.000,00",,,"27.011,39","0,00",0.0,0,0
03.5.2017,"27.000,00",,,"27.011,39","0,00",0.0,0,0
02.5.2017,"27.000,00",,,"27.011,39","0,00",0.0,0,0
28.4.2017,"27.000,00","27.100,00","27.000,00","27.011,39","-2,66",18.0,486.205,486.205
27.4.2017,"27.750,00",,,"27.749,25","0,00",0.0,0,0
26.4.2017,"27.750,00","27.750,00","27.111,00","27.749,25","2,77",1.702,47.229.220,47.229.220
25.4.2017,"27.000,00","27.002,00","27.000,00","27.001,20","-3,57",15.0,405.018,405.018
24.4.2017,"27.999,00",,,"27.999,99","0,00",0.0,0,0
21.4.2017,"27.999,00","28.000,00","27.999,00","27.999,99","0,01",848.0,23.743.995,23.743.995
20.4.2017,"28.000,00","28.000,00","27.750,00","27.998,18","1,81",1.018,28.502.150,28.502.150
19.4.2017,"27.500,00","27.500,00","27.500,00","27.500,00","1,85",6.0,165.000,165.000
18.4.2017,"27.001,00","27.001,00","27.001,00","27.001,00","-0,12",3.0,81.003,81.003
13.4.2017,"27.000,00","27.800,00","27.000,00","27.033,58","1,37",48.0,1.297.612,1.297.612
12.4.2017,"26.501,00","27.000,00","26.501,00","26.667,33","-0,87",3.0,80.002,80.002
11.4.2017,"26.501,00",,,"26.900,56","0,00",0.0,0,0
10.4.2017,"26.501,00","27.001,00","26.501,00","26.900,56","-0,38",25.0,672.514,672.514
07.4.2017,"27.002,00","27.002,00","27.002,00","27.002,00","-0,10",10.0,270.020,270.020
06.4.2017,"27.001,00","27.499,00","27.001,00","27.030,29","0,10",17.0,459.515,459.515
05.4.2017,"27.002,00",,,"27.002,00","0,00",0.0,0,1.493.001
04.4.2017,"27.002,00","27.002,00","27.002,00","27.002,00","-0,35",1.0,27.002,27.002
03.4.2017,"27.000,00",,,"27.096,24","0,00",0.0,0,0
31.3.2017,"27.000,00","27.700,00","27.000,00","27.096,24","-1,82",17.0,460.636,460.636
30.3.2017,"27.600,00","27.600,00","27.410,00","27.597,99","0,72",442.0,12.198.310,12.198.310
29.3.2017,"27.500,00","27.500,00","27.010,00","27.402,00","-0,36",5.0,137.010,137.010
28.3.2017,"27.500,00","27.500,00","27.500,00","27.500,00","-0,58",3.0,82.500,82.500
27.3.2017,"27.500,00","27.700,00","27.500,00","27.661,04","-0,14",26.0,719.187,719.187
24.3.2017,"27.700,00",,,"27.700,00","0,00",0.0,0,0
23.3.2017,"27.700,00","27.700,00","27.700,00","27.700,00","0,00",1.0,27.700,27.700
22.3.2017,"27.700,00","27.700,00","27.700,00","27.700,00","0,73",3.0,83.100,83.100
21.3.2017,"27.500,00","27.500,00","27.500,00","27.500,00","-0,72",40.0,1.100.000,1.100.000
20.3.2017,"27.500,00","28.100,00","27.500,00","27.700,00","-0,46",3.0,83.100,83.100
17.3.2017,"27.650,00","27.900,00","27.650,00","27.828,57","-0,61",7.0,194.800,194.800
16.3.2017,"28.000,00","28.000,00","28.000,00","28.000,00","-1,63",5.0,140.000,140.000
15.3.2017,"28.500,00","28.500,00","28.450,00","28.464,29","2,50",7.0,199.250,199.250
14.3.2017,"28.100,00","28.100,00","27.300,00","27.770,36","2,85",36.0,999.733,999.733
13.3.2017,"27.000,00","27.000,00","27.000,00","27.000,00","0,37",31.0,837.000,837.000
10.3.2017,"27.000,00","27.000,00","26.700,00","26.900,00","-0,37",12.0,322.800,322.800
09.3.2017,"27.000,00","27.000,00","27.000,00","27.000,00","0,00",5.0,135.000,135.000
08.3.2017,"27.000,00","27.000,00","27.000,00","27.000,00","-1,82",1.0,27.000,27.000
07.3.2017,"27.500,00","27.500,00","27.500,00","27.500,00","0,00",27.0,742.500,742.500
06.3.2017,"27.500,00",,,"27.500,00","0,00",0.0,0,0
03.3.2017,"27.500,00","27.501,00","27.499,00","27.500,00","1,85",38.0,1.045.000,1.045.000
02.3.2017,"27.000,00","27.000,00","26.999,00","26.999,99","0,00",71.0,1.916.999,1.916.999
01.3.2017,"27.000,00","27.000,00","27.000,00","27.000,00","1,89",2.0,54.000,54.000
28.2.2017,"26.500,00","26.500,00","26.500,00","26.500,00","0,00",30.0,795.000,795.000
27.2.2017,"26.500,00","26.501,00","26.500,00","26.500,64","-1,48",11.0,291.507,291.507
24.2.2017,"26.900,00","26.900,00","26.900,00","26.900,00","-0,74",4.0,107.600,107.600
23.2.2017,"27.100,00",,,"27.100,00","0,00",0.0,0,0
22.2.2017,"27.100,00","27.100,00","27.100,00","27.100,00","0,00",1.0,27.100,27.100
21.2.2017,"27.100,00","27.100,00","27.100,00","27.100,00","0,00",23.0,623.300,623.300
20.2.2017,"27.100,00","27.100,00","27.100,00","27.100,00","-2,63",10.0,271.000,271.000
17.2.2017,"27.998,00",,,"27.832,00","0,00",0.0,0,0
16.2.2017,"27.998,00","27.998,00","27.500,00","27.832,00","0,57",3.0,83.496,83.496
15.2.2017,"27.700,00","27.700,00","27.600,00","27.675,00","-1,92",8.0,221.400,221.400
14.2.2017,"28.216,00","28.216,00","28.216,00","28.216,00","3,00",1.0,28.216,28.216
13.2.2017,"27.500,00","27.500,00","27.000,00","27.394,74","-0,38",19.0,520.500,520.500
10.2.2017,"27.500,00","27.500,00","27.500,00","27.500,00","-0,21",4.0,110.000,110.000
09.2.2017,"28.000,00","28.000,00","27.200,00","27.558,65","1,32",17.0,468.497,468.497
08.2.2017,"27.200,00","27.200,00","27.200,00","27.200,00","2,09",9.0,244.800,2.105.784
07.2.2017,"26.502,00","27.000,00","26.502,00","26.644,29","-1,32",14.0,373.020,373.020
06.2.2017,"27.000,00","27.000,00","27.000,00","27.000,00","-0,74",6.0,162.000,162.000
03.2.2017,"27.200,00","27.200,00","27.200,00","27.200,00","0,74",9.0,244.800,244.800
02.2.2017,"27.000,00","27.000,00","27.000,00","27.000,00","-0,60",15.0,405.000,405.000
01.2.2017,"27.100,00","27.200,00","27.100,00","27.163,64","1,29",11.0,298.800,4.473.732
31.1.2017,"26.626,00","27.198,00","26.626,00","26.816,56","-2,30",9.0,241.349,241.349
30.1.2017,"27.449,00","27.449,00","27.449,00","27.449,00","0,78",1.0,27.449,27.449
27.1.2017,"27.450,00","27.496,00","27.000,00","27.236,50","3,84",8.0,217.892,5.039.924
26.1.2017,"26.190,00","26.500,00","26.190,00","26.230,43","-2,85",46.0,1.206.600,1.206.600
25.1.2017,"27.000,00","27.000,00","26.999,00","26.999,64","0,00",11.0,296.996,296.996
24.1.2017,"27.000,00","27.000,00","27.000,00","27.000,00","-1,82",3.0,81.000,81.000
23.1.2017,"27.500,00","27.500,00","27.500,00","27.500,00","1,85",1.0,27.500,27.500
20.1.2017,"27.000,00","27.000,00","27.000,00","27.000,00","-1,82",6.0,162.000,162.000
18.1.2017,"27.500,00","27.500,00","27.500,00","27.500,00","-4,16",9.0,247.500,247.500
17.1.2017,"28.689,00","28.700,00","28.689,00","28.694,50","1,35",6.0,172.167,172.167
16.1.2017,"28.312,00","28.312,00","28.312,00","28.312,00","3,00",5.0,141.560,141.560
13.1.2017,"27.500,00","27.500,00","27.400,00","27.488,24","-0,04",17.0,467.300,467.300
12.1.2017,"27.499,00",,,"27.499,00","0,00",0.0,0,0
11.1.2017,"27.499,00","27.499,00","27.499,00","27.499,00","1,08",6.0,164.994,164.994
10.1.2017,"27.499,00","27.499,00","26.806,00","27.206,14","-0,99",22.0,598.535,598.535
09.1.2017,"27.700,00","27.700,00","27.300,00","27.478,79","2,53",19.0,522.097,522.097
05.1.2017,"26.800,00","26.800,00","26.800,00","26.800,00","-0,99",3.0,80.400,80.400
04.1.2017,"26.675,00",,,"27.068,71","0,00",0.0,0,0
03.1.2017,"26.675,00",,,"27.068,71","0,00",0.0,0,0
29.12.2016,"26.675,00","27.299,00","26.675,00","27.068,71","-1,14",21.0,568.443,568.443
28.12.2016,"26.675,00","27.450,00","26.675,00","27.379,55","-0,43",11.0,301.175,301.175
27.12.2016,"27.499,00",,,"27.499,00","0,00",0.0,0,0
26.12.2016,"27.499,00","27.499,00","27.499,00","27.499,00","-0,98",5.0,137.495,137.495
23.12.2016,"27.770,00",,,"27.770,00","0,00",0.0,0,0
22.12.2016,"27.770,00","27.770,00","27.770,00","27.770,00","2,85",4.0,111.080,111.080
21.12.2016,"27.000,00","27.000,00","27.000,00","27.000,00","5,78",20.0,540.000,540.000
20.12.2016,"25.524,00","25.524,00","25.524,00","25.524,00","0,00",1.0,25.524,25.524
19.12.2016,"25.524,00","25.524,00","25.524,00","25.524,00","-1,86",69.0,1.761.156,1.761.156
16.12.2016,"26.713,00","26.713,00","25.300,00","26.006,50","-5,56",4.0,104.026,104.026
15.12.2016,"27.455,00",,,"27.538,61","0,00",0.0,0,0
14.12.2016,"27.455,00","27.750,00","27.455,00","27.538,61","-2,69",18.0,495.695,495.695
13.12.2016,"28.300,00",,,"28.300,00","0,00",0.0,0,0
12.12.2016,"28.300,00","28.300,00","28.300,00","28.300,00","0,48",1.0,28.300,28.300
09.12.2016,"28.200,00","28.499,00","28.000,00","28.163,45","-1,87",11.0,309.798,309.798
07.12.2016,"28.700,00",,,"28.700,00","0,00",0.0,0,0
06.12.2016,"28.700,00",,,"28.700,00","0,00",0.0,0,0
05.12.2016,"28.700,00","28.700,00","28.700,00","28.700,00","0,59",1.0,28.700,28.700
02.12.2016,"28.799,00","28.799,00","28.000,00","28.532,67","1,48",3.0,85.598,85.598
01.12.2016,"28.600,00","28.600,00","27.997,00","28.116,95","-0,29",22.0,618.573,618.573
29.11.2016,"28.200,00","28.200,00","28.200,00","28.200,00","-2,76",2.0,56.400,56.400
28.11.2016,"28.999,00","28.999,00","28.999,00","28.999,00","1,75",1.0,28.999,9.764.093
25.11.2016,"28.500,00","28.500,00","28.500,00","28.500,00","-0,85",5.0,142.500,142.500
24.11.2016,"28.888,00","28.888,00","28.600,00","28.744,00","0,50",10.0,287.440,287.440
23.11.2016,"28.900,00","28.900,00","28.000,00","28.600,00","1,89",3.0,85.800,85.800
22.11.2016,"28.000,00","29.000,00","27.160,00","28.070,14","-5,39",44.0,1.235.086,1.235.086
21.11.2016,"29.141,00","29.950,00","29.141,00","29.668,72","-1,24",18.0,534.037,534.037
18.11.2016,"30.000,00","30.849,00","29.950,00","30.041,72","2,75",32.0,961.335,961.335
17.11.2016,"29.546,00","29.546,00","28.900,00","29.238,00","1,93",19.0,555.522,555.522
16.11.2016,"28.900,00","28.900,00","28.500,00","28.685,71","2,09",14.0,401.600,401.600
15.11.2016,"28.500,00","28.837,00","28.000,00","28.099,50","0,36",52.0,1.461.174,1.461.174
14.11.2016,"28.000,00","28.001,00","27.950,00","27.997,77","7,42",47.0,1.315.895,10.309.110
11.11.2016,"27.000,00","28.000,00","26.000,00","26.064,27","2,21",146.0,3.805.384,7.040.284
10.11.2016,"25.500,00","25.500,00","25.500,00","25.500,00","-0,39",12.0,306.000,1.876.646
09.11.2016,"25.600,00","25.600,00","25.600,00","25.600,00","1,05",11.0,281.600,3.397.559
08.11.2016,"25.333,00","25.333,00","25.333,00","25.333,00","-0,02",10.0,253.330,1.595.979
07.11.2016,"25.333,00","25.500,00","25.000,00","25.337,31","-0,64",39.0,988.155,988.155
04.11.2016,"25.500,00","25.501,00","25.500,00","25.500,16","-0,09",37.0,943.506,10.114.052
